﻿REF_DATE,GEO,DGUID,Geography of destination,UOM,VALUE
2021/2022,"St. John's (CMA), Newfoundland and Labrador",2021S05031,"Calgary (CMA), Alberta",Persons,268
2021/2022,"Grand Falls-Windsor (CA), Newfoundland and Labrador",2021S050410,"Calgary (CMA), Alberta",Persons,8
2021/2022,"Gander (CA), Newfoundland and Labrador",2021S050411,"Calgary (CMA), Alberta",Persons,7
2021/2022,"Corner Brook (CA), Newfoundland and Labrador",2021S050415,"Calgary (CMA), Alberta",Persons,29
2021/2022,"Area outside census metropolitan areas and census agglomerations, Newfoundland and Labrador",,"Calgary (CMA), Alberta",Persons,112
2021/2022,"Charlottetown (CA), Prince Edward Island",2021S0504105,"Calgary (CMA), Alberta",Persons,123
2021/2022,"Summerside (CA), Prince Edward Island",2021S0504110,"Calgary (CMA), Alberta",Persons,19
2021/2022,"Area outside census metropolitan areas and census agglomerations, Prince Edward Island",,"Calgary (CMA), Alberta",Persons,28
2021/2022,"Halifax (CMA), Nova Scotia",2021S0503205,"Calgary (CMA), Alberta",Persons,501
2021/2022,"Kentville (CA), Nova Scotia",2021S0504210,"Calgary (CMA), Alberta",Persons,14
2021/2022,"Truro (CA), Nova Scotia",2021S0504215,"Calgary (CMA), Alberta",Persons,12
2021/2022,"New Glasgow (CA), Nova Scotia",2021S0504220,"Calgary (CMA), Alberta",Persons,10
2021/2022,"Cape Breton (CA), Nova Scotia",2021S0504225,"Calgary (CMA), Alberta",Persons,69
2021/2022,"Area outside census metropolitan areas and census agglomerations, Nova Scotia",,"Calgary (CMA), Alberta",Persons,157
2021/2022,"Moncton (CMA), New Brunswick",2021S0503305,"Calgary (CMA), Alberta",Persons,162
2021/2022,"Saint John (CMA), New Brunswick",2021S0503310,"Calgary (CMA), Alberta",Persons,112
2021/2022,"Fredericton (CMA), New Brunswick",2021S0503320,"Calgary (CMA), Alberta",Persons,107
2021/2022,"Bathurst (CA), New Brunswick",2021S0504328,"Calgary (CMA), Alberta",Persons,7
2021/2022,"Miramichi (CA), New Brunswick",2021S0504329,"Calgary (CMA), Alberta",Persons,3
2021/2022,"Edmundston (CA), New Brunswick",2021S0504335,"Calgary (CMA), Alberta",Persons,3
2021/2022,"Area outside census metropolitan areas and census agglomerations, New Brunswick",,"Calgary (CMA), Alberta",Persons,92
2021/2022,"Campbellton (CA), New Brunswick/Quebec",2021S0504330,"Calgary (CMA), Alberta",Persons,2
2021/2022,"Campbellton (CA), New Brunswick part, New Brunswick",2021S050613330,"Calgary (CMA), Alberta",Persons,2
2021/2022,"Campbellton (CA), Quebec part, Quebec",2021S050624330,"Calgary (CMA), Alberta",Persons,0
2021/2022,"Matane (CA), Quebec",2021S0504403,"Calgary (CMA), Alberta",Persons,1
2021/2022,"Rimouski (CA), Quebec",2021S0504404,"Calgary (CMA), Alberta",Persons,1
2021/2022,"Rivière-du-Loup (CA), Quebec",2021S0504405,"Calgary (CMA), Alberta",Persons,1
2021/2022,"Baie-Comeau (CA), Quebec",2021S0504406,"Calgary (CMA), Alberta",Persons,0
2021/2022,"Saguenay (CMA), Quebec",2021S0503408,"Calgary (CMA), Alberta",Persons,1
2021/2022,"Alma (CA), Quebec",2021S0504410,"Calgary (CMA), Alberta",Persons,0
2021/2022,"Dolbeau-Mistassini (CA), Quebec",2021S0504411,"Calgary (CMA), Alberta",Persons,0
2021/2022,"Sept-Îles (CA), Quebec",2021S0504412,"Calgary (CMA), Alberta",Persons,0
2021/2022,"Québec (CMA), Quebec",2021S0503421,"Calgary (CMA), Alberta",Persons,86
2021/2022,"Sainte-Marie (CA), Quebec",2021S0504423,"Calgary (CMA), Alberta",Persons,0
2021/2022,"Saint-Georges (CA), Quebec",2021S0504428,"Calgary (CMA), Alberta",Persons,1
2021/2022,"Thetford Mines (CA), Quebec",2021S0504430,"Calgary (CMA), Alberta",Persons,2
2021/2022,"Sherbrooke (CMA), Quebec",2021S0503433,"Calgary (CMA), Alberta",Persons,55
2021/2022,"Cowansville (CA), Quebec",2021S0504437,"Calgary (CMA), Alberta",Persons,6
2021/2022,"Victoriaville (CA), Quebec",2021S0504440,"Calgary (CMA), Alberta",Persons,4
2021/2022,"Trois-Rivières (CMA), Quebec",2021S0503442,"Calgary (CMA), Alberta",Persons,6
2021/2022,"Shawinigan (CA), Quebec",2021S0504444,"Calgary (CMA), Alberta",Persons,4
2021/2022,"Drummondville (CMA), Quebec",2021S0503447,"Calgary (CMA), Alberta",Persons,11
2021/2022,"Granby (CA), Quebec",2021S0504450,"Calgary (CMA), Alberta",Persons,6
2021/2022,"Saint-Hyacinthe (CA), Quebec",2021S0504452,"Calgary (CMA), Alberta",Persons,4
2021/2022,"Sorel-Tracy (CA), Quebec",2021S0504454,"Calgary (CMA), Alberta",Persons,1
2021/2022,"Joliette (CA), Quebec",2021S0504456,"Calgary (CMA), Alberta",Persons,1
2021/2022,"Montréal (CMA), Quebec",2021S0503462,"Calgary (CMA), Alberta",Persons,"1,106"
2021/2022,"Salaberry-de-Valleyfield (CA), Quebec",2021S0504465,"Calgary (CMA), Alberta",Persons,1
2021/2022,"Sainte-Agathe-des-Monts (CA), Quebec",2021S0504467,"Calgary (CMA), Alberta",Persons,0
2021/2022,"Lachute (CA), Quebec",2021S0504468,"Calgary (CMA), Alberta",Persons,3
2021/2022,"Val-d'Or (CA), Quebec",2021S0504480,"Calgary (CMA), Alberta",Persons,3
2021/2022,"Amos (CA), Quebec",2021S0504481,"Calgary (CMA), Alberta",Persons,0
2021/2022,"Rouyn-Noranda (CA), Quebec",2021S0504485,"Calgary (CMA), Alberta",Persons,1
2021/2022,"Area outside census metropolitan areas and census agglomerations, Quebec",,"Calgary (CMA), Alberta",Persons,66
2021/2022,"Hawkesbury (CA), Ontario/Quebec",2021S0504502,"Calgary (CMA), Alberta",Persons,7
2021/2022,"Hawkesbury (CA), Ontario part, Ontario",2021S050635502,"Calgary (CMA), Alberta",Persons,7
2021/2022,"Hawkesbury (CA), Quebec part, Quebec",2021S050624502,"Calgary (CMA), Alberta",Persons,0
2021/2022,"Ottawa - Gatineau (CMA), Ontario/Quebec",2021S0503505,"Calgary (CMA), Alberta",Persons,900
2021/2022,"Ottawa - Gatineau (CMA), Ontario part, Ontario",2021S050535505,"Calgary (CMA), Alberta",Persons,836
2021/2022,"Ottawa - Gatineau (CMA), Quebec part, Quebec",2021S050524505,"Calgary (CMA), Alberta",Persons,64
2021/2022,"Cornwall (CA), Ontario",2021S0504501,"Calgary (CMA), Alberta",Persons,21
2021/2022,"Brockville (CA), Ontario",2021S0504512,"Calgary (CMA), Alberta",Persons,11
2021/2022,"Pembroke (CA), Ontario",2021S0504515,"Calgary (CMA), Alberta",Persons,10
2021/2022,"Petawawa (CA), Ontario",2021S0504516,"Calgary (CMA), Alberta",Persons,11
2021/2022,"Kingston (CMA), Ontario",2021S0503521,"Calgary (CMA), Alberta",Persons,122
2021/2022,"Belleville - Quinte West (CMA), Ontario",2021S0503522,"Calgary (CMA), Alberta",Persons,58
2021/2022,"Cobourg (CA), Ontario",2021S0504527,"Calgary (CMA), Alberta",Persons,6
2021/2022,"Port Hope (CA), Ontario",2021S0504528,"Calgary (CMA), Alberta",Persons,17
2021/2022,"Peterborough (CMA), Ontario",2021S0503529,"Calgary (CMA), Alberta",Persons,56
2021/2022,"Kawartha Lakes (CA), Ontario",2021S0504530,"Calgary (CMA), Alberta",Persons,24
2021/2022,"Centre Wellington (CA), Ontario",2021S0504531,"Calgary (CMA), Alberta",Persons,15
2021/2022,"Oshawa (CMA), Ontario",2021S0503532,"Calgary (CMA), Alberta",Persons,272
2021/2022,"Ingersoll (CA), Ontario",2021S0504533,"Calgary (CMA), Alberta",Persons,7
2021/2022,"Toronto (CMA), Ontario",2021S0503535,"Calgary (CMA), Alberta",Persons,"6,203"
2021/2022,"Hamilton (CMA), Ontario",2021S0503537,"Calgary (CMA), Alberta",Persons,661
2021/2022,"St. Catharines - Niagara (CMA), Ontario",2021S0503539,"Calgary (CMA), Alberta",Persons,270
2021/2022,"Kitchener - Cambridge - Waterloo (CMA), Ontario",2021S0503541,"Calgary (CMA), Alberta",Persons,539
2021/2022,"Brantford (CMA), Ontario",2021S0503543,"Calgary (CMA), Alberta",Persons,89
2021/2022,"Woodstock (CA), Ontario",2021S0504544,"Calgary (CMA), Alberta",Persons,32
2021/2022,"Tillsonburg (CA), Ontario",2021S0504546,"Calgary (CMA), Alberta",Persons,9
2021/2022,"Norfolk (CA), Ontario",2021S0504547,"Calgary (CMA), Alberta",Persons,39
2021/2022,"Guelph (CMA), Ontario",2021S0503550,"Calgary (CMA), Alberta",Persons,162
2021/2022,"Stratford (CA), Ontario",2021S0504553,"Calgary (CMA), Alberta",Persons,10
2021/2022,"London (CMA), Ontario",2021S0503555,"Calgary (CMA), Alberta",Persons,419
2021/2022,"Chatham-Kent (CA), Ontario",2021S0504556,"Calgary (CMA), Alberta",Persons,39
2021/2022,"Windsor (CMA), Ontario",2021S0503559,"Calgary (CMA), Alberta",Persons,315
2021/2022,"Sarnia (CA), Ontario",2021S0504562,"Calgary (CMA), Alberta",Persons,94
2021/2022,"Essa (CA), Ontario",2021S0504563,"Calgary (CMA), Alberta",Persons,15
2021/2022,"Wasaga Beach (CA), Ontario",2021S0504565,"Calgary (CMA), Alberta",Persons,18
2021/2022,"Owen Sound (CA), Ontario",2021S0504566,"Calgary (CMA), Alberta",Persons,11
2021/2022,"Collingwood (CA), Ontario",2021S0504567,"Calgary (CMA), Alberta",Persons,27
2021/2022,"Barrie (CMA), Ontario",2021S0503568,"Calgary (CMA), Alberta",Persons,193
2021/2022,"Orillia (CA), Ontario",2021S0504569,"Calgary (CMA), Alberta",Persons,24
2021/2022,"Midland (CA), Ontario",2021S0504571,"Calgary (CMA), Alberta",Persons,10
2021/2022,"North Bay (CA), Ontario",2021S0504575,"Calgary (CMA), Alberta",Persons,25
2021/2022,"Greater Sudbury (CMA), Ontario",2021S0503580,"Calgary (CMA), Alberta",Persons,65
2021/2022,"Elliot Lake (CA), Ontario",2021S0504582,"Calgary (CMA), Alberta",Persons,2
2021/2022,"Timmins (CA), Ontario",2021S0504586,"Calgary (CMA), Alberta",Persons,16
2021/2022,"Sault Ste. Marie (CA), Ontario",2021S0504590,"Calgary (CMA), Alberta",Persons,33
2021/2022,"Thunder Bay (CMA), Ontario",2021S0503595,"Calgary (CMA), Alberta",Persons,104
2021/2022,"Kenora (CA), Ontario",2021S0504598,"Calgary (CMA), Alberta",Persons,14
2021/2022,"Area outside census metropolitan areas and census agglomerations, Ontario",,"Calgary (CMA), Alberta",Persons,430
2021/2022,"Winnipeg (CMA), Manitoba",2021S0503602,"Calgary (CMA), Alberta",Persons,"2,510"
2021/2022,"Winkler (CA), Manitoba",2021S0504603,"Calgary (CMA), Alberta",Persons,79
2021/2022,"Steinbach (CA), Manitoba",2021S0504605,"Calgary (CMA), Alberta",Persons,31
2021/2022,"Portage la Prairie (CA), Manitoba",2021S0504607,"Calgary (CMA), Alberta",Persons,27
2021/2022,"Brandon (CA), Manitoba",2021S0504610,"Calgary (CMA), Alberta",Persons,219
2021/2022,"Thompson (CA), Manitoba",2021S0504640,"Calgary (CMA), Alberta",Persons,17
2021/2022,"Area outside census metropolitan areas and census agglomerations, Manitoba",,"Calgary (CMA), Alberta",Persons,334
2021/2022,"Regina (CMA), Saskatchewan",2021S0503705,"Calgary (CMA), Alberta",Persons,"1,440"
2021/2022,"Yorkton (CA), Saskatchewan",2021S0504710,"Calgary (CMA), Alberta",Persons,63
2021/2022,"Moose Jaw (CA), Saskatchewan",2021S0504715,"Calgary (CMA), Alberta",Persons,107
2021/2022,"Swift Current (CA), Saskatchewan",2021S0504720,"Calgary (CMA), Alberta",Persons,70
2021/2022,"Saskatoon (CMA), Saskatchewan",2021S0503725,"Calgary (CMA), Alberta",Persons,"1,376"
2021/2022,"North Battleford (CA), Saskatchewan",2021S0504735,"Calgary (CMA), Alberta",Persons,68
2021/2022,"Prince Albert (CA), Saskatchewan",2021S0504745,"Calgary (CMA), Alberta",Persons,93
2021/2022,"Estevan (CA), Saskatchewan",2021S0504750,"Calgary (CMA), Alberta",Persons,57
2021/2022,"Weyburn (CA), Saskatchewan",2021S0504755,"Calgary (CMA), Alberta",Persons,36
2021/2022,"Area outside census metropolitan areas and census agglomerations, Saskatchewan",,"Calgary (CMA), Alberta",Persons,543
2021/2022,"Lloydminster (CA), Alberta/Saskatchewan",2021S0504840,"Calgary (CMA), Alberta",Persons,218
2021/2022,"Lloydminster (CA), Alberta part, Alberta",2021S050648840,"Calgary (CMA), Alberta",Persons,161
2021/2022,"Lloydminster (CA), Saskatchewan part, Saskatchewan",2021S050647840,"Calgary (CMA), Alberta",Persons,57
2021/2022,"Medicine Hat (CA), Alberta",2021S0504805,"Calgary (CMA), Alberta",Persons,642
2021/2022,"Brooks (CA), Alberta",2021S0504806,"Calgary (CMA), Alberta",Persons,450
2021/2022,"Lethbridge (CMA), Alberta",2021S0503810,"Calgary (CMA), Alberta",Persons,"1,085"
2021/2022,"Okotoks (CA), Alberta",2021S0504820,"Calgary (CMA), Alberta",Persons,"1,185"
2021/2022,"High River (CA), Alberta",2021S0504821,"Calgary (CMA), Alberta",Persons,421
2021/2022,"Strathmore (CA), Alberta",2021S0504826,"Calgary (CMA), Alberta",Persons,531
2021/2022,"Canmore (CA), Alberta",2021S0504828,"Calgary (CMA), Alberta",Persons,560
2021/2022,"Red Deer (CMA), Alberta",2021S0503830,"Calgary (CMA), Alberta",Persons,"1,009"
2021/2022,"Sylvan Lake (CA), Alberta",2021S0504831,"Calgary (CMA), Alberta",Persons,149
2021/2022,"Lacombe (CA), Alberta",2021S0504832,"Calgary (CMA), Alberta",Persons,109
2021/2022,"Camrose (CA), Alberta",2021S0504833,"Calgary (CMA), Alberta",Persons,79
2021/2022,"Edmonton (CMA), Alberta",2021S0503835,"Calgary (CMA), Alberta",Persons,"5,834"
2021/2022,"Grande Prairie (CA), Alberta",2021S0504850,"Calgary (CMA), Alberta",Persons,536
2021/2022,"Wood Buffalo (CA), Alberta",2021S0504860,"Calgary (CMA), Alberta",Persons,837
2021/2022,"Wetaskiwin (CA), Alberta",2021S0504865,"Calgary (CMA), Alberta",Persons,67
2021/2022,"Area outside census metropolitan areas and census agglomerations, Alberta",,"Calgary (CMA), Alberta",Persons,"5,375"
2021/2022,"Cranbrook (CA), British Columbia",2021S0504905,"Calgary (CMA), Alberta",Persons,123
2021/2022,"Nelson (CA), British Columbia",2021S0504907,"Calgary (CMA), Alberta",Persons,63
2021/2022,"Trail (CA), British Columbia",2021S0504910,"Calgary (CMA), Alberta",Persons,50
2021/2022,"Penticton (CA), British Columbia",2021S0504913,"Calgary (CMA), Alberta",Persons,110
2021/2022,"Kelowna (CMA), British Columbia",2021S0503915,"Calgary (CMA), Alberta",Persons,866
2021/2022,"Vernon (CA), British Columbia",2021S0504918,"Calgary (CMA), Alberta",Persons,214
2021/2022,"Salmon Arm (CA), British Columbia",2021S0504920,"Calgary (CMA), Alberta",Persons,56
2021/2022,"Kamloops (CMA), British Columbia",2021S0503925,"Calgary (CMA), Alberta",Persons,232
2021/2022,"Chilliwack (CMA), British Columbia",2021S0503930,"Calgary (CMA), Alberta",Persons,172
2021/2022,"Abbotsford - Mission (CMA), British Columbia",2021S0503932,"Calgary (CMA), Alberta",Persons,571
2021/2022,"Vancouver (CMA), British Columbia",2021S0503933,"Calgary (CMA), Alberta",Persons,"4,657"
2021/2022,"Squamish (CA), British Columbia",2021S0504934,"Calgary (CMA), Alberta",Persons,21
2021/2022,"Victoria (CMA), British Columbia",2021S0503935,"Calgary (CMA), Alberta",Persons,665
2021/2022,"Ladysmith (CA), British Columbia",2021S0504936,"Calgary (CMA), Alberta",Persons,26
2021/2022,"Duncan (CA), British Columbia",2021S0504937,"Calgary (CMA), Alberta",Persons,50
2021/2022,"Nanaimo (CMA), British Columbia",2021S0503938,"Calgary (CMA), Alberta",Persons,192
2021/2022,"Parksville (CA), British Columbia",2021S0504939,"Calgary (CMA), Alberta",Persons,75
2021/2022,"Port Alberni (CA), British Columbia",2021S0504940,"Calgary (CMA), Alberta",Persons,14
2021/2022,"Courtenay (CA), British Columbia",2021S0504943,"Calgary (CMA), Alberta",Persons,135
2021/2022,"Campbell River (CA), British Columbia",2021S0504944,"Calgary (CMA), Alberta",Persons,42
2021/2022,"Powell River (CA), British Columbia",2021S0504945,"Calgary (CMA), Alberta",Persons,15
2021/2022,"Williams Lake (CA), British Columbia",2021S0504950,"Calgary (CMA), Alberta",Persons,8
2021/2022,"Quesnel (CA), British Columbia",2021S0504952,"Calgary (CMA), Alberta",Persons,18
2021/2022,"Prince Rupert (CA), British Columbia",2021S0504955,"Calgary (CMA), Alberta",Persons,14
2021/2022,"Terrace (CA), British Columbia",2021S0504965,"Calgary (CMA), Alberta",Persons,25
2021/2022,"Prince George (CA), British Columbia",2021S0504970,"Calgary (CMA), Alberta",Persons,118
2021/2022,"Dawson Creek (CA), British Columbia",2021S0504975,"Calgary (CMA), Alberta",Persons,39
2021/2022,"Fort St. John (CA), British Columbia",2021S0504977,"Calgary (CMA), Alberta",Persons,107
2021/2022,"Area outside census metropolitan areas and census agglomerations, British Columbia",,"Calgary (CMA), Alberta",Persons,"1,101"
2021/2022,"Whitehorse (CA), Yukon",2021S0504990,"Calgary (CMA), Alberta",Persons,90
2021/2022,"Area outside census metropolitan areas and census agglomerations, Yukon",,"Calgary (CMA), Alberta",Persons,4
2021/2022,"Yellowknife (CA), Northwest Territoires",2021S0504995,"Calgary (CMA), Alberta",Persons,136
2021/2022,"Area outside census metropolitan areas and census agglomerations, Northwest Territories",,"Calgary (CMA), Alberta",Persons,45
2021/2022,"Area outside census metropolitan areas and census agglomerations, Nunavut",,"Calgary (CMA), Alberta",Persons,26
