﻿REF_DATE,GEO,DGUID,Geography of destination,UOM,VALUE
2016/2017,"St. John's (CMA), Newfoundland and Labrador",2016S0503001,"Calgary (CMA), Alberta",Persons,189
2017/2018,"St. John's (CMA), Newfoundland and Labrador",2016S0503001,"Calgary (CMA), Alberta",Persons,302
2018/2019,"St. John's (CMA), Newfoundland and Labrador",2016S0503001,"Calgary (CMA), Alberta",Persons,341
2019/2020,"St. John's (CMA), Newfoundland and Labrador",2016S0503001,"Calgary (CMA), Alberta",Persons,310
2016/2017,"Bay Roberts (CA), Newfoundland and Labrador",2016S0504005,"Calgary (CMA), Alberta",Persons,3
2017/2018,"Bay Roberts (CA), Newfoundland and Labrador",2016S0504005,"Calgary (CMA), Alberta",Persons,8
2018/2019,"Bay Roberts (CA), Newfoundland and Labrador",2016S0504005,"Calgary (CMA), Alberta",Persons,6
2019/2020,"Bay Roberts (CA), Newfoundland and Labrador",2016S0504005,"Calgary (CMA), Alberta",Persons,6
2016/2017,"Grand Falls-Windsor (CA), Newfoundland and Labrador",2016S0504010,"Calgary (CMA), Alberta",Persons,8
2017/2018,"Grand Falls-Windsor (CA), Newfoundland and Labrador",2016S0504010,"Calgary (CMA), Alberta",Persons,8
2018/2019,"Grand Falls-Windsor (CA), Newfoundland and Labrador",2016S0504010,"Calgary (CMA), Alberta",Persons,10
2019/2020,"Grand Falls-Windsor (CA), Newfoundland and Labrador",2016S0504010,"Calgary (CMA), Alberta",Persons,15
2016/2017,"Gander (CA), Newfoundland and Labrador",2016S0504011,"Calgary (CMA), Alberta",Persons,7
2017/2018,"Gander (CA), Newfoundland and Labrador",2016S0504011,"Calgary (CMA), Alberta",Persons,11
2018/2019,"Gander (CA), Newfoundland and Labrador",2016S0504011,"Calgary (CMA), Alberta",Persons,10
2019/2020,"Gander (CA), Newfoundland and Labrador",2016S0504011,"Calgary (CMA), Alberta",Persons,12
2016/2017,"Corner Brook (CA), Newfoundland and Labrador",2016S0504015,"Calgary (CMA), Alberta",Persons,24
2017/2018,"Corner Brook (CA), Newfoundland and Labrador",2016S0504015,"Calgary (CMA), Alberta",Persons,37
2018/2019,"Corner Brook (CA), Newfoundland and Labrador",2016S0504015,"Calgary (CMA), Alberta",Persons,36
2019/2020,"Corner Brook (CA), Newfoundland and Labrador",2016S0504015,"Calgary (CMA), Alberta",Persons,25
2016/2017,"Area outside census metropolitan areas and census agglomerations, Newfoundland and Labrador",,"Calgary (CMA), Alberta",Persons,137
2017/2018,"Area outside census metropolitan areas and census agglomerations, Newfoundland and Labrador",,"Calgary (CMA), Alberta",Persons,176
2018/2019,"Area outside census metropolitan areas and census agglomerations, Newfoundland and Labrador",,"Calgary (CMA), Alberta",Persons,110
2019/2020,"Area outside census metropolitan areas and census agglomerations, Newfoundland and Labrador",,"Calgary (CMA), Alberta",Persons,117
2016/2017,"Charlottetown (CA), Prince Edward Island",2016S0504105,"Calgary (CMA), Alberta",Persons,68
2017/2018,"Charlottetown (CA), Prince Edward Island",2016S0504105,"Calgary (CMA), Alberta",Persons,81
2018/2019,"Charlottetown (CA), Prince Edward Island",2016S0504105,"Calgary (CMA), Alberta",Persons,86
2019/2020,"Charlottetown (CA), Prince Edward Island",2016S0504105,"Calgary (CMA), Alberta",Persons,90
2016/2017,"Summerside (CA), Prince Edward Island",2016S0504110,"Calgary (CMA), Alberta",Persons,12
2017/2018,"Summerside (CA), Prince Edward Island",2016S0504110,"Calgary (CMA), Alberta",Persons,10
2018/2019,"Summerside (CA), Prince Edward Island",2016S0504110,"Calgary (CMA), Alberta",Persons,7
2019/2020,"Summerside (CA), Prince Edward Island",2016S0504110,"Calgary (CMA), Alberta",Persons,14
2016/2017,"Area outside census metropolitan areas and census agglomerations, Prince Edward Island",,"Calgary (CMA), Alberta",Persons,32
2017/2018,"Area outside census metropolitan areas and census agglomerations, Prince Edward Island",,"Calgary (CMA), Alberta",Persons,23
2018/2019,"Area outside census metropolitan areas and census agglomerations, Prince Edward Island",,"Calgary (CMA), Alberta",Persons,28
2019/2020,"Area outside census metropolitan areas and census agglomerations, Prince Edward Island",,"Calgary (CMA), Alberta",Persons,28
2016/2017,"Halifax (CMA), Nova Scotia",2016S0503205,"Calgary (CMA), Alberta",Persons,412
2017/2018,"Halifax (CMA), Nova Scotia",2016S0503205,"Calgary (CMA), Alberta",Persons,447
2018/2019,"Halifax (CMA), Nova Scotia",2016S0503205,"Calgary (CMA), Alberta",Persons,372
2019/2020,"Halifax (CMA), Nova Scotia",2016S0503205,"Calgary (CMA), Alberta",Persons,436
2016/2017,"Kentville (CA), Nova Scotia",2016S0504210,"Calgary (CMA), Alberta",Persons,18
2017/2018,"Kentville (CA), Nova Scotia",2016S0504210,"Calgary (CMA), Alberta",Persons,13
2018/2019,"Kentville (CA), Nova Scotia",2016S0504210,"Calgary (CMA), Alberta",Persons,24
2019/2020,"Kentville (CA), Nova Scotia",2016S0504210,"Calgary (CMA), Alberta",Persons,26
2016/2017,"Truro (CA), Nova Scotia",2016S0504215,"Calgary (CMA), Alberta",Persons,42
2017/2018,"Truro (CA), Nova Scotia",2016S0504215,"Calgary (CMA), Alberta",Persons,31
2018/2019,"Truro (CA), Nova Scotia",2016S0504215,"Calgary (CMA), Alberta",Persons,25
2019/2020,"Truro (CA), Nova Scotia",2016S0504215,"Calgary (CMA), Alberta",Persons,20
2016/2017,"New Glasgow (CA), Nova Scotia",2016S0504220,"Calgary (CMA), Alberta",Persons,38
2017/2018,"New Glasgow (CA), Nova Scotia",2016S0504220,"Calgary (CMA), Alberta",Persons,29
2018/2019,"New Glasgow (CA), Nova Scotia",2016S0504220,"Calgary (CMA), Alberta",Persons,16
2019/2020,"New Glasgow (CA), Nova Scotia",2016S0504220,"Calgary (CMA), Alberta",Persons,13
2016/2017,"Cape Breton (CA), Nova Scotia",2016S0504225,"Calgary (CMA), Alberta",Persons,62
2017/2018,"Cape Breton (CA), Nova Scotia",2016S0504225,"Calgary (CMA), Alberta",Persons,70
2018/2019,"Cape Breton (CA), Nova Scotia",2016S0504225,"Calgary (CMA), Alberta",Persons,41
2019/2020,"Cape Breton (CA), Nova Scotia",2016S0504225,"Calgary (CMA), Alberta",Persons,58
2016/2017,"Area outside census metropolitan areas and census agglomerations, Nova Scotia",,"Calgary (CMA), Alberta",Persons,178
2017/2018,"Area outside census metropolitan areas and census agglomerations, Nova Scotia",,"Calgary (CMA), Alberta",Persons,153
2018/2019,"Area outside census metropolitan areas and census agglomerations, Nova Scotia",,"Calgary (CMA), Alberta",Persons,165
2019/2020,"Area outside census metropolitan areas and census agglomerations, Nova Scotia",,"Calgary (CMA), Alberta",Persons,165
2016/2017,"Moncton (CMA), New Brunswick",2016S0503305,"Calgary (CMA), Alberta",Persons,84
2017/2018,"Moncton (CMA), New Brunswick",2016S0503305,"Calgary (CMA), Alberta",Persons,107
2018/2019,"Moncton (CMA), New Brunswick",2016S0503305,"Calgary (CMA), Alberta",Persons,123
2019/2020,"Moncton (CMA), New Brunswick",2016S0503305,"Calgary (CMA), Alberta",Persons,135
2016/2017,"Saint John (CMA), New Brunswick",2016S0503310,"Calgary (CMA), Alberta",Persons,90
2017/2018,"Saint John (CMA), New Brunswick",2016S0503310,"Calgary (CMA), Alberta",Persons,84
2018/2019,"Saint John (CMA), New Brunswick",2016S0503310,"Calgary (CMA), Alberta",Persons,140
2019/2020,"Saint John (CMA), New Brunswick",2016S0503310,"Calgary (CMA), Alberta",Persons,153
2016/2017,"Fredericton (CA), New Brunswick",2016S0504320,"Calgary (CMA), Alberta",Persons,79
2017/2018,"Fredericton (CA), New Brunswick",2016S0504320,"Calgary (CMA), Alberta",Persons,71
2018/2019,"Fredericton (CA), New Brunswick",2016S0504320,"Calgary (CMA), Alberta",Persons,69
2019/2020,"Fredericton (CA), New Brunswick",2016S0504320,"Calgary (CMA), Alberta",Persons,90
2016/2017,"Bathurst (CA), New Brunswick",2016S0504328,"Calgary (CMA), Alberta",Persons,7
2017/2018,"Bathurst (CA), New Brunswick",2016S0504328,"Calgary (CMA), Alberta",Persons,12
2018/2019,"Bathurst (CA), New Brunswick",2016S0504328,"Calgary (CMA), Alberta",Persons,5
2019/2020,"Bathurst (CA), New Brunswick",2016S0504328,"Calgary (CMA), Alberta",Persons,2
2016/2017,"Miramichi (CA), New Brunswick",2016S0504329,"Calgary (CMA), Alberta",Persons,19
2017/2018,"Miramichi (CA), New Brunswick",2016S0504329,"Calgary (CMA), Alberta",Persons,13
2018/2019,"Miramichi (CA), New Brunswick",2016S0504329,"Calgary (CMA), Alberta",Persons,6
2019/2020,"Miramichi (CA), New Brunswick",2016S0504329,"Calgary (CMA), Alberta",Persons,9
2016/2017,"Edmundston (CA), New Brunswick",2016S0504335,"Calgary (CMA), Alberta",Persons,5
2017/2018,"Edmundston (CA), New Brunswick",2016S0504335,"Calgary (CMA), Alberta",Persons,0
2018/2019,"Edmundston (CA), New Brunswick",2016S0504335,"Calgary (CMA), Alberta",Persons,2
2019/2020,"Edmundston (CA), New Brunswick",2016S0504335,"Calgary (CMA), Alberta",Persons,1
2016/2017,"Area outside census metropolitan areas and census agglomerations, New Brunswick",,"Calgary (CMA), Alberta",Persons,97
2017/2018,"Area outside census metropolitan areas and census agglomerations, New Brunswick",,"Calgary (CMA), Alberta",Persons,94
2018/2019,"Area outside census metropolitan areas and census agglomerations, New Brunswick",,"Calgary (CMA), Alberta",Persons,72
2019/2020,"Area outside census metropolitan areas and census agglomerations, New Brunswick",,"Calgary (CMA), Alberta",Persons,74
2016/2017,"Campbellton (CA), New Brunswick/Quebec",2016S0504330,"Calgary (CMA), Alberta",Persons,6
2017/2018,"Campbellton (CA), New Brunswick/Quebec",2016S0504330,"Calgary (CMA), Alberta",Persons,1
2018/2019,"Campbellton (CA), New Brunswick/Quebec",2016S0504330,"Calgary (CMA), Alberta",Persons,2
2019/2020,"Campbellton (CA), New Brunswick/Quebec",2016S0504330,"Calgary (CMA), Alberta",Persons,3
2016/2017,"Campbellton (CA), New Brunswick part, New Brunswick",2016S050613330,"Calgary (CMA), Alberta",Persons,2
2017/2018,"Campbellton (CA), New Brunswick part, New Brunswick",2016S050613330,"Calgary (CMA), Alberta",Persons,1
2018/2019,"Campbellton (CA), New Brunswick part, New Brunswick",2016S050613330,"Calgary (CMA), Alberta",Persons,2
2019/2020,"Campbellton (CA), New Brunswick part, New Brunswick",2016S050613330,"Calgary (CMA), Alberta",Persons,3
2016/2017,"Campbellton (CA), Quebec part, Quebec",2016S050624330,"Calgary (CMA), Alberta",Persons,4
2017/2018,"Campbellton (CA), Quebec part, Quebec",2016S050624330,"Calgary (CMA), Alberta",Persons,0
2018/2019,"Campbellton (CA), Quebec part, Quebec",2016S050624330,"Calgary (CMA), Alberta",Persons,0
2019/2020,"Campbellton (CA), Quebec part, Quebec",2016S050624330,"Calgary (CMA), Alberta",Persons,0
2016/2017,"Matane (CA), Quebec",2016S0504403,"Calgary (CMA), Alberta",Persons,1
2017/2018,"Matane (CA), Quebec",2016S0504403,"Calgary (CMA), Alberta",Persons,0
2018/2019,"Matane (CA), Quebec",2016S0504403,"Calgary (CMA), Alberta",Persons,0
2019/2020,"Matane (CA), Quebec",2016S0504403,"Calgary (CMA), Alberta",Persons,0
2016/2017,"Rimouski (CA), Quebec",2016S0504404,"Calgary (CMA), Alberta",Persons,0
2017/2018,"Rimouski (CA), Quebec",2016S0504404,"Calgary (CMA), Alberta",Persons,1
2018/2019,"Rimouski (CA), Quebec",2016S0504404,"Calgary (CMA), Alberta",Persons,4
2019/2020,"Rimouski (CA), Quebec",2016S0504404,"Calgary (CMA), Alberta",Persons,0
2016/2017,"Rivière-du-Loup (CA), Quebec",2016S0504405,"Calgary (CMA), Alberta",Persons,0
2017/2018,"Rivière-du-Loup (CA), Quebec",2016S0504405,"Calgary (CMA), Alberta",Persons,1
2018/2019,"Rivière-du-Loup (CA), Quebec",2016S0504405,"Calgary (CMA), Alberta",Persons,1
2019/2020,"Rivière-du-Loup (CA), Quebec",2016S0504405,"Calgary (CMA), Alberta",Persons,2
2016/2017,"Baie-Comeau (CA), Quebec",2016S0504406,"Calgary (CMA), Alberta",Persons,0
2017/2018,"Baie-Comeau (CA), Quebec",2016S0504406,"Calgary (CMA), Alberta",Persons,0
2018/2019,"Baie-Comeau (CA), Quebec",2016S0504406,"Calgary (CMA), Alberta",Persons,1
2019/2020,"Baie-Comeau (CA), Quebec",2016S0504406,"Calgary (CMA), Alberta",Persons,0
2016/2017,"Saguenay (CMA), Quebec",2016S0503408,"Calgary (CMA), Alberta",Persons,3
2017/2018,"Saguenay (CMA), Quebec",2016S0503408,"Calgary (CMA), Alberta",Persons,6
2018/2019,"Saguenay (CMA), Quebec",2016S0503408,"Calgary (CMA), Alberta",Persons,5
2019/2020,"Saguenay (CMA), Quebec",2016S0503408,"Calgary (CMA), Alberta",Persons,10
2016/2017,"Alma (CA), Quebec",2016S0504410,"Calgary (CMA), Alberta",Persons,0
2017/2018,"Alma (CA), Quebec",2016S0504410,"Calgary (CMA), Alberta",Persons,0
2018/2019,"Alma (CA), Quebec",2016S0504410,"Calgary (CMA), Alberta",Persons,1
2019/2020,"Alma (CA), Quebec",2016S0504410,"Calgary (CMA), Alberta",Persons,1
2016/2017,"Dolbeau-Mistassini (CA), Quebec",2016S0504411,"Calgary (CMA), Alberta",Persons,1
2017/2018,"Dolbeau-Mistassini (CA), Quebec",2016S0504411,"Calgary (CMA), Alberta",Persons,0
2018/2019,"Dolbeau-Mistassini (CA), Quebec",2016S0504411,"Calgary (CMA), Alberta",Persons,0
2019/2020,"Dolbeau-Mistassini (CA), Quebec",2016S0504411,"Calgary (CMA), Alberta",Persons,0
2016/2017,"Sept-Îles (CA), Quebec",2016S0504412,"Calgary (CMA), Alberta",Persons,1
2017/2018,"Sept-Îles (CA), Quebec",2016S0504412,"Calgary (CMA), Alberta",Persons,0
2018/2019,"Sept-Îles (CA), Quebec",2016S0504412,"Calgary (CMA), Alberta",Persons,0
2019/2020,"Sept-Îles (CA), Quebec",2016S0504412,"Calgary (CMA), Alberta",Persons,0
2016/2017,"Québec (CMA), Quebec",2016S0503421,"Calgary (CMA), Alberta",Persons,95
2017/2018,"Québec (CMA), Quebec",2016S0503421,"Calgary (CMA), Alberta",Persons,79
2018/2019,"Québec (CMA), Quebec",2016S0503421,"Calgary (CMA), Alberta",Persons,66
2019/2020,"Québec (CMA), Quebec",2016S0503421,"Calgary (CMA), Alberta",Persons,69
2016/2017,"Sainte-Marie (CA), Quebec",2016S0504423,"Calgary (CMA), Alberta",Persons,5
2017/2018,"Sainte-Marie (CA), Quebec",2016S0504423,"Calgary (CMA), Alberta",Persons,4
2018/2019,"Sainte-Marie (CA), Quebec",2016S0504423,"Calgary (CMA), Alberta",Persons,0
2019/2020,"Sainte-Marie (CA), Quebec",2016S0504423,"Calgary (CMA), Alberta",Persons,0
2016/2017,"Saint-Georges (CA), Quebec",2016S0504428,"Calgary (CMA), Alberta",Persons,0
2017/2018,"Saint-Georges (CA), Quebec",2016S0504428,"Calgary (CMA), Alberta",Persons,2
2018/2019,"Saint-Georges (CA), Quebec",2016S0504428,"Calgary (CMA), Alberta",Persons,2
2019/2020,"Saint-Georges (CA), Quebec",2016S0504428,"Calgary (CMA), Alberta",Persons,1
2016/2017,"Thetford Mines (CA), Quebec",2016S0504430,"Calgary (CMA), Alberta",Persons,0
2017/2018,"Thetford Mines (CA), Quebec",2016S0504430,"Calgary (CMA), Alberta",Persons,2
2018/2019,"Thetford Mines (CA), Quebec",2016S0504430,"Calgary (CMA), Alberta",Persons,1
2019/2020,"Thetford Mines (CA), Quebec",2016S0504430,"Calgary (CMA), Alberta",Persons,0
2016/2017,"Sherbrooke (CMA), Quebec",2016S0503433,"Calgary (CMA), Alberta",Persons,24
2017/2018,"Sherbrooke (CMA), Quebec",2016S0503433,"Calgary (CMA), Alberta",Persons,34
2018/2019,"Sherbrooke (CMA), Quebec",2016S0503433,"Calgary (CMA), Alberta",Persons,30
2019/2020,"Sherbrooke (CMA), Quebec",2016S0503433,"Calgary (CMA), Alberta",Persons,32
2016/2017,"Cowansville (CA), Quebec",2016S0504437,"Calgary (CMA), Alberta",Persons,0
2017/2018,"Cowansville (CA), Quebec",2016S0504437,"Calgary (CMA), Alberta",Persons,0
2018/2019,"Cowansville (CA), Quebec",2016S0504437,"Calgary (CMA), Alberta",Persons,0
2019/2020,"Cowansville (CA), Quebec",2016S0504437,"Calgary (CMA), Alberta",Persons,1
2016/2017,"Victoriaville (CA), Quebec",2016S0504440,"Calgary (CMA), Alberta",Persons,7
2017/2018,"Victoriaville (CA), Quebec",2016S0504440,"Calgary (CMA), Alberta",Persons,0
2018/2019,"Victoriaville (CA), Quebec",2016S0504440,"Calgary (CMA), Alberta",Persons,6
2019/2020,"Victoriaville (CA), Quebec",2016S0504440,"Calgary (CMA), Alberta",Persons,2
2016/2017,"Trois-Rivières (CMA), Quebec",2016S0503442,"Calgary (CMA), Alberta",Persons,13
2017/2018,"Trois-Rivières (CMA), Quebec",2016S0503442,"Calgary (CMA), Alberta",Persons,7
2018/2019,"Trois-Rivières (CMA), Quebec",2016S0503442,"Calgary (CMA), Alberta",Persons,7
2019/2020,"Trois-Rivières (CMA), Quebec",2016S0503442,"Calgary (CMA), Alberta",Persons,15
2016/2017,"Shawinigan (CA), Quebec",2016S0504444,"Calgary (CMA), Alberta",Persons,1
2017/2018,"Shawinigan (CA), Quebec",2016S0504444,"Calgary (CMA), Alberta",Persons,0
2018/2019,"Shawinigan (CA), Quebec",2016S0504444,"Calgary (CMA), Alberta",Persons,0
2019/2020,"Shawinigan (CA), Quebec",2016S0504444,"Calgary (CMA), Alberta",Persons,1
2016/2017,"Drummondville (CA), Quebec",2016S0504447,"Calgary (CMA), Alberta",Persons,5
2017/2018,"Drummondville (CA), Quebec",2016S0504447,"Calgary (CMA), Alberta",Persons,1
2018/2019,"Drummondville (CA), Quebec",2016S0504447,"Calgary (CMA), Alberta",Persons,0
2019/2020,"Drummondville (CA), Quebec",2016S0504447,"Calgary (CMA), Alberta",Persons,0
2016/2017,"Granby (CA), Quebec",2016S0504450,"Calgary (CMA), Alberta",Persons,6
2017/2018,"Granby (CA), Quebec",2016S0504450,"Calgary (CMA), Alberta",Persons,9
2018/2019,"Granby (CA), Quebec",2016S0504450,"Calgary (CMA), Alberta",Persons,10
2019/2020,"Granby (CA), Quebec",2016S0504450,"Calgary (CMA), Alberta",Persons,5
2016/2017,"Saint-Hyacinthe (CA), Quebec",2016S0504452,"Calgary (CMA), Alberta",Persons,5
2017/2018,"Saint-Hyacinthe (CA), Quebec",2016S0504452,"Calgary (CMA), Alberta",Persons,8
2018/2019,"Saint-Hyacinthe (CA), Quebec",2016S0504452,"Calgary (CMA), Alberta",Persons,11
2019/2020,"Saint-Hyacinthe (CA), Quebec",2016S0504452,"Calgary (CMA), Alberta",Persons,19
2016/2017,"Sorel-Tracy (CA), Quebec",2016S0504454,"Calgary (CMA), Alberta",Persons,0
2017/2018,"Sorel-Tracy (CA), Quebec",2016S0504454,"Calgary (CMA), Alberta",Persons,0
2018/2019,"Sorel-Tracy (CA), Quebec",2016S0504454,"Calgary (CMA), Alberta",Persons,1
2019/2020,"Sorel-Tracy (CA), Quebec",2016S0504454,"Calgary (CMA), Alberta",Persons,0
2016/2017,"Joliette (CA), Quebec",2016S0504456,"Calgary (CMA), Alberta",Persons,3
2017/2018,"Joliette (CA), Quebec",2016S0504456,"Calgary (CMA), Alberta",Persons,3
2018/2019,"Joliette (CA), Quebec",2016S0504456,"Calgary (CMA), Alberta",Persons,0
2019/2020,"Joliette (CA), Quebec",2016S0504456,"Calgary (CMA), Alberta",Persons,0
2016/2017,"Montréal (CMA), Quebec",2016S0503462,"Calgary (CMA), Alberta",Persons,772
2017/2018,"Montréal (CMA), Quebec",2016S0503462,"Calgary (CMA), Alberta",Persons,713
2018/2019,"Montréal (CMA), Quebec",2016S0503462,"Calgary (CMA), Alberta",Persons,770
2019/2020,"Montréal (CMA), Quebec",2016S0503462,"Calgary (CMA), Alberta",Persons,794
2016/2017,"Salaberry-de-Valleyfield (CA), Quebec",2016S0504465,"Calgary (CMA), Alberta",Persons,2
2017/2018,"Salaberry-de-Valleyfield (CA), Quebec",2016S0504465,"Calgary (CMA), Alberta",Persons,1
2018/2019,"Salaberry-de-Valleyfield (CA), Quebec",2016S0504465,"Calgary (CMA), Alberta",Persons,0
2019/2020,"Salaberry-de-Valleyfield (CA), Quebec",2016S0504465,"Calgary (CMA), Alberta",Persons,0
2016/2017,"Lachute (CA), Quebec",2016S0504468,"Calgary (CMA), Alberta",Persons,0
2017/2018,"Lachute (CA), Quebec",2016S0504468,"Calgary (CMA), Alberta",Persons,0
2018/2019,"Lachute (CA), Quebec",2016S0504468,"Calgary (CMA), Alberta",Persons,1
2019/2020,"Lachute (CA), Quebec",2016S0504468,"Calgary (CMA), Alberta",Persons,2
2016/2017,"Val-d'Or (CA), Quebec",2016S0504480,"Calgary (CMA), Alberta",Persons,0
2017/2018,"Val-d'Or (CA), Quebec",2016S0504480,"Calgary (CMA), Alberta",Persons,2
2018/2019,"Val-d'Or (CA), Quebec",2016S0504480,"Calgary (CMA), Alberta",Persons,1
2019/2020,"Val-d'Or (CA), Quebec",2016S0504480,"Calgary (CMA), Alberta",Persons,1
2016/2017,"Rouyn-Noranda (CA), Quebec",2016S0504485,"Calgary (CMA), Alberta",Persons,1
2017/2018,"Rouyn-Noranda (CA), Quebec",2016S0504485,"Calgary (CMA), Alberta",Persons,1
2018/2019,"Rouyn-Noranda (CA), Quebec",2016S0504485,"Calgary (CMA), Alberta",Persons,3
2019/2020,"Rouyn-Noranda (CA), Quebec",2016S0504485,"Calgary (CMA), Alberta",Persons,2
2016/2017,"Area outside census metropolitan areas and census agglomerations, Quebec",,"Calgary (CMA), Alberta",Persons,79
2017/2018,"Area outside census metropolitan areas and census agglomerations, Quebec",,"Calgary (CMA), Alberta",Persons,87
2018/2019,"Area outside census metropolitan areas and census agglomerations, Quebec",,"Calgary (CMA), Alberta",Persons,57
2019/2020,"Area outside census metropolitan areas and census agglomerations, Quebec",,"Calgary (CMA), Alberta",Persons,50
2016/2017,"Hawkesbury (CA), Ontario/Quebec",2016S0504502,"Calgary (CMA), Alberta",Persons,0
2017/2018,"Hawkesbury (CA), Ontario/Quebec",2016S0504502,"Calgary (CMA), Alberta",Persons,0
2018/2019,"Hawkesbury (CA), Ontario/Quebec",2016S0504502,"Calgary (CMA), Alberta",Persons,1
2019/2020,"Hawkesbury (CA), Ontario/Quebec",2016S0504502,"Calgary (CMA), Alberta",Persons,0
2016/2017,"Hawkesbury (CA), Ontario part, Ontario",2016S050635502,"Calgary (CMA), Alberta",Persons,0
2017/2018,"Hawkesbury (CA), Ontario part, Ontario",2016S050635502,"Calgary (CMA), Alberta",Persons,0
2018/2019,"Hawkesbury (CA), Ontario part, Ontario",2016S050635502,"Calgary (CMA), Alberta",Persons,1
2019/2020,"Hawkesbury (CA), Ontario part, Ontario",2016S050635502,"Calgary (CMA), Alberta",Persons,0
2016/2017,"Hawkesbury (CA), Quebec part, Quebec",2016S050624502,"Calgary (CMA), Alberta",Persons,0
2017/2018,"Hawkesbury (CA), Quebec part, Quebec",2016S050624502,"Calgary (CMA), Alberta",Persons,0
2018/2019,"Hawkesbury (CA), Quebec part, Quebec",2016S050624502,"Calgary (CMA), Alberta",Persons,0
2019/2020,"Hawkesbury (CA), Quebec part, Quebec",2016S050624502,"Calgary (CMA), Alberta",Persons,0
2016/2017,"Ottawa - Gatineau (CMA), Ontario/Quebec",2016S0503505,"Calgary (CMA), Alberta",Persons,465
2017/2018,"Ottawa - Gatineau (CMA), Ontario/Quebec",2016S0503505,"Calgary (CMA), Alberta",Persons,572
2018/2019,"Ottawa - Gatineau (CMA), Ontario/Quebec",2016S0503505,"Calgary (CMA), Alberta",Persons,540
2019/2020,"Ottawa - Gatineau (CMA), Ontario/Quebec",2016S0503505,"Calgary (CMA), Alberta",Persons,581
2016/2017,"Ottawa - Gatineau (CMA), Ontario part, Ontario",2016S050535505,"Calgary (CMA), Alberta",Persons,428
2017/2018,"Ottawa - Gatineau (CMA), Ontario part, Ontario",2016S050535505,"Calgary (CMA), Alberta",Persons,510
2018/2019,"Ottawa - Gatineau (CMA), Ontario part, Ontario",2016S050535505,"Calgary (CMA), Alberta",Persons,481
2019/2020,"Ottawa - Gatineau (CMA), Ontario part, Ontario",2016S050535505,"Calgary (CMA), Alberta",Persons,529
2016/2017,"Ottawa - Gatineau (CMA), Quebec part, Quebec",2016S050524505,"Calgary (CMA), Alberta",Persons,37
2017/2018,"Ottawa - Gatineau (CMA), Quebec part, Quebec",2016S050524505,"Calgary (CMA), Alberta",Persons,62
2018/2019,"Ottawa - Gatineau (CMA), Quebec part, Quebec",2016S050524505,"Calgary (CMA), Alberta",Persons,59
2019/2020,"Ottawa - Gatineau (CMA), Quebec part, Quebec",2016S050524505,"Calgary (CMA), Alberta",Persons,52
2016/2017,"Cornwall (CA), Ontario",2016S0504501,"Calgary (CMA), Alberta",Persons,10
2017/2018,"Cornwall (CA), Ontario",2016S0504501,"Calgary (CMA), Alberta",Persons,13
2018/2019,"Cornwall (CA), Ontario",2016S0504501,"Calgary (CMA), Alberta",Persons,43
2019/2020,"Cornwall (CA), Ontario",2016S0504501,"Calgary (CMA), Alberta",Persons,21
2016/2017,"Arnprior (CA), Ontario",2016S0504507,"Calgary (CMA), Alberta",Persons,3
2017/2018,"Arnprior (CA), Ontario",2016S0504507,"Calgary (CMA), Alberta",Persons,6
2018/2019,"Arnprior (CA), Ontario",2016S0504507,"Calgary (CMA), Alberta",Persons,0
2019/2020,"Arnprior (CA), Ontario",2016S0504507,"Calgary (CMA), Alberta",Persons,5
2016/2017,"Carleton Place (CA), Ontario",2016S0504509,"Calgary (CMA), Alberta",Persons,12
2017/2018,"Carleton Place (CA), Ontario",2016S0504509,"Calgary (CMA), Alberta",Persons,4
2018/2019,"Carleton Place (CA), Ontario",2016S0504509,"Calgary (CMA), Alberta",Persons,7
2019/2020,"Carleton Place (CA), Ontario",2016S0504509,"Calgary (CMA), Alberta",Persons,4
2016/2017,"Brockville (CA), Ontario",2016S0504512,"Calgary (CMA), Alberta",Persons,3
2017/2018,"Brockville (CA), Ontario",2016S0504512,"Calgary (CMA), Alberta",Persons,11
2018/2019,"Brockville (CA), Ontario",2016S0504512,"Calgary (CMA), Alberta",Persons,10
2019/2020,"Brockville (CA), Ontario",2016S0504512,"Calgary (CMA), Alberta",Persons,6
2016/2017,"Pembroke (CA), Ontario",2016S0504515,"Calgary (CMA), Alberta",Persons,6
2017/2018,"Pembroke (CA), Ontario",2016S0504515,"Calgary (CMA), Alberta",Persons,9
2018/2019,"Pembroke (CA), Ontario",2016S0504515,"Calgary (CMA), Alberta",Persons,11
2019/2020,"Pembroke (CA), Ontario",2016S0504515,"Calgary (CMA), Alberta",Persons,7
2016/2017,"Petawawa (CA), Ontario",2016S0504516,"Calgary (CMA), Alberta",Persons,12
2017/2018,"Petawawa (CA), Ontario",2016S0504516,"Calgary (CMA), Alberta",Persons,1
2018/2019,"Petawawa (CA), Ontario",2016S0504516,"Calgary (CMA), Alberta",Persons,7
2019/2020,"Petawawa (CA), Ontario",2016S0504516,"Calgary (CMA), Alberta",Persons,4
2016/2017,"Kingston (CMA), Ontario",2016S0503521,"Calgary (CMA), Alberta",Persons,77
2017/2018,"Kingston (CMA), Ontario",2016S0503521,"Calgary (CMA), Alberta",Persons,102
2018/2019,"Kingston (CMA), Ontario",2016S0503521,"Calgary (CMA), Alberta",Persons,91
2019/2020,"Kingston (CMA), Ontario",2016S0503521,"Calgary (CMA), Alberta",Persons,101
2016/2017,"Belleville (CMA), Ontario",2016S0503522,"Calgary (CMA), Alberta",Persons,47
2017/2018,"Belleville (CMA), Ontario",2016S0503522,"Calgary (CMA), Alberta",Persons,20
2018/2019,"Belleville (CMA), Ontario",2016S0503522,"Calgary (CMA), Alberta",Persons,27
2019/2020,"Belleville (CMA), Ontario",2016S0503522,"Calgary (CMA), Alberta",Persons,44
2016/2017,"Cobourg (CA), Ontario",2016S0504527,"Calgary (CMA), Alberta",Persons,4
2017/2018,"Cobourg (CA), Ontario",2016S0504527,"Calgary (CMA), Alberta",Persons,8
2018/2019,"Cobourg (CA), Ontario",2016S0504527,"Calgary (CMA), Alberta",Persons,4
2019/2020,"Cobourg (CA), Ontario",2016S0504527,"Calgary (CMA), Alberta",Persons,8
2016/2017,"Port Hope (CA), Ontario",2016S0504528,"Calgary (CMA), Alberta",Persons,3
2017/2018,"Port Hope (CA), Ontario",2016S0504528,"Calgary (CMA), Alberta",Persons,3
2018/2019,"Port Hope (CA), Ontario",2016S0504528,"Calgary (CMA), Alberta",Persons,3
2019/2020,"Port Hope (CA), Ontario",2016S0504528,"Calgary (CMA), Alberta",Persons,4
2016/2017,"Peterborough (CMA), Ontario",2016S0503529,"Calgary (CMA), Alberta",Persons,44
2017/2018,"Peterborough (CMA), Ontario",2016S0503529,"Calgary (CMA), Alberta",Persons,28
2018/2019,"Peterborough (CMA), Ontario",2016S0503529,"Calgary (CMA), Alberta",Persons,35
2019/2020,"Peterborough (CMA), Ontario",2016S0503529,"Calgary (CMA), Alberta",Persons,51
2016/2017,"Kawartha Lakes (CA), Ontario",2016S0504530,"Calgary (CMA), Alberta",Persons,23
2017/2018,"Kawartha Lakes (CA), Ontario",2016S0504530,"Calgary (CMA), Alberta",Persons,26
2018/2019,"Kawartha Lakes (CA), Ontario",2016S0504530,"Calgary (CMA), Alberta",Persons,22
2019/2020,"Kawartha Lakes (CA), Ontario",2016S0504530,"Calgary (CMA), Alberta",Persons,23
2016/2017,"Centre Wellington (CA), Ontario",2016S0504531,"Calgary (CMA), Alberta",Persons,5
2017/2018,"Centre Wellington (CA), Ontario",2016S0504531,"Calgary (CMA), Alberta",Persons,13
2018/2019,"Centre Wellington (CA), Ontario",2016S0504531,"Calgary (CMA), Alberta",Persons,9
2019/2020,"Centre Wellington (CA), Ontario",2016S0504531,"Calgary (CMA), Alberta",Persons,4
2016/2017,"Oshawa (CMA), Ontario",2016S0503532,"Calgary (CMA), Alberta",Persons,131
2017/2018,"Oshawa (CMA), Ontario",2016S0503532,"Calgary (CMA), Alberta",Persons,123
2018/2019,"Oshawa (CMA), Ontario",2016S0503532,"Calgary (CMA), Alberta",Persons,98
2019/2020,"Oshawa (CMA), Ontario",2016S0503532,"Calgary (CMA), Alberta",Persons,100
2016/2017,"Ingersoll (CA), Ontario",2016S0504533,"Calgary (CMA), Alberta",Persons,6
2017/2018,"Ingersoll (CA), Ontario",2016S0504533,"Calgary (CMA), Alberta",Persons,2
2018/2019,"Ingersoll (CA), Ontario",2016S0504533,"Calgary (CMA), Alberta",Persons,2
2019/2020,"Ingersoll (CA), Ontario",2016S0504533,"Calgary (CMA), Alberta",Persons,2
2016/2017,"Toronto (CMA), Ontario",2016S0503535,"Calgary (CMA), Alberta",Persons,"2,455"
2017/2018,"Toronto (CMA), Ontario",2016S0503535,"Calgary (CMA), Alberta",Persons,"2,785"
2018/2019,"Toronto (CMA), Ontario",2016S0503535,"Calgary (CMA), Alberta",Persons,"2,771"
2019/2020,"Toronto (CMA), Ontario",2016S0503535,"Calgary (CMA), Alberta",Persons,"3,235"
2016/2017,"Hamilton (CMA), Ontario",2016S0503537,"Calgary (CMA), Alberta",Persons,249
2017/2018,"Hamilton (CMA), Ontario",2016S0503537,"Calgary (CMA), Alberta",Persons,274
2018/2019,"Hamilton (CMA), Ontario",2016S0503537,"Calgary (CMA), Alberta",Persons,272
2019/2020,"Hamilton (CMA), Ontario",2016S0503537,"Calgary (CMA), Alberta",Persons,268
2016/2017,"St. Catharines - Niagara (CMA), Ontario",2016S0503539,"Calgary (CMA), Alberta",Persons,167
2017/2018,"St. Catharines - Niagara (CMA), Ontario",2016S0503539,"Calgary (CMA), Alberta",Persons,158
2018/2019,"St. Catharines - Niagara (CMA), Ontario",2016S0503539,"Calgary (CMA), Alberta",Persons,158
2019/2020,"St. Catharines - Niagara (CMA), Ontario",2016S0503539,"Calgary (CMA), Alberta",Persons,156
2016/2017,"Kitchener - Cambridge - Waterloo (CMA), Ontario",2016S0503541,"Calgary (CMA), Alberta",Persons,184
2017/2018,"Kitchener - Cambridge - Waterloo (CMA), Ontario",2016S0503541,"Calgary (CMA), Alberta",Persons,235
2018/2019,"Kitchener - Cambridge - Waterloo (CMA), Ontario",2016S0503541,"Calgary (CMA), Alberta",Persons,194
2019/2020,"Kitchener - Cambridge - Waterloo (CMA), Ontario",2016S0503541,"Calgary (CMA), Alberta",Persons,216
2016/2017,"Brantford (CMA), Ontario",2016S0503543,"Calgary (CMA), Alberta",Persons,26
2017/2018,"Brantford (CMA), Ontario",2016S0503543,"Calgary (CMA), Alberta",Persons,27
2018/2019,"Brantford (CMA), Ontario",2016S0503543,"Calgary (CMA), Alberta",Persons,32
2019/2020,"Brantford (CMA), Ontario",2016S0503543,"Calgary (CMA), Alberta",Persons,44
2016/2017,"Woodstock (CA), Ontario",2016S0504544,"Calgary (CMA), Alberta",Persons,6
2017/2018,"Woodstock (CA), Ontario",2016S0504544,"Calgary (CMA), Alberta",Persons,14
2018/2019,"Woodstock (CA), Ontario",2016S0504544,"Calgary (CMA), Alberta",Persons,16
2019/2020,"Woodstock (CA), Ontario",2016S0504544,"Calgary (CMA), Alberta",Persons,21
2016/2017,"Tillsonburg (CA), Ontario",2016S0504546,"Calgary (CMA), Alberta",Persons,8
2017/2018,"Tillsonburg (CA), Ontario",2016S0504546,"Calgary (CMA), Alberta",Persons,2
2018/2019,"Tillsonburg (CA), Ontario",2016S0504546,"Calgary (CMA), Alberta",Persons,4
2019/2020,"Tillsonburg (CA), Ontario",2016S0504546,"Calgary (CMA), Alberta",Persons,5
2016/2017,"Norfolk (CA), Ontario",2016S0504547,"Calgary (CMA), Alberta",Persons,7
2017/2018,"Norfolk (CA), Ontario",2016S0504547,"Calgary (CMA), Alberta",Persons,14
2018/2019,"Norfolk (CA), Ontario",2016S0504547,"Calgary (CMA), Alberta",Persons,23
2019/2020,"Norfolk (CA), Ontario",2016S0504547,"Calgary (CMA), Alberta",Persons,31
2016/2017,"Guelph (CMA), Ontario",2016S0503550,"Calgary (CMA), Alberta",Persons,59
2017/2018,"Guelph (CMA), Ontario",2016S0503550,"Calgary (CMA), Alberta",Persons,65
2018/2019,"Guelph (CMA), Ontario",2016S0503550,"Calgary (CMA), Alberta",Persons,48
2019/2020,"Guelph (CMA), Ontario",2016S0503550,"Calgary (CMA), Alberta",Persons,51
2016/2017,"Stratford (CA), Ontario",2016S0504553,"Calgary (CMA), Alberta",Persons,7
2017/2018,"Stratford (CA), Ontario",2016S0504553,"Calgary (CMA), Alberta",Persons,12
2018/2019,"Stratford (CA), Ontario",2016S0504553,"Calgary (CMA), Alberta",Persons,16
2019/2020,"Stratford (CA), Ontario",2016S0504553,"Calgary (CMA), Alberta",Persons,8
2016/2017,"London (CMA), Ontario",2016S0503555,"Calgary (CMA), Alberta",Persons,219
2017/2018,"London (CMA), Ontario",2016S0503555,"Calgary (CMA), Alberta",Persons,204
2018/2019,"London (CMA), Ontario",2016S0503555,"Calgary (CMA), Alberta",Persons,210
2019/2020,"London (CMA), Ontario",2016S0503555,"Calgary (CMA), Alberta",Persons,280
2016/2017,"Chatham-Kent (CA), Ontario",2016S0504556,"Calgary (CMA), Alberta",Persons,22
2017/2018,"Chatham-Kent (CA), Ontario",2016S0504556,"Calgary (CMA), Alberta",Persons,23
2018/2019,"Chatham-Kent (CA), Ontario",2016S0504556,"Calgary (CMA), Alberta",Persons,39
2019/2020,"Chatham-Kent (CA), Ontario",2016S0504556,"Calgary (CMA), Alberta",Persons,36
2016/2017,"Leamington (CA), Ontario",2016S0504557,"Calgary (CMA), Alberta",Persons,20
2017/2018,"Leamington (CA), Ontario",2016S0504557,"Calgary (CMA), Alberta",Persons,16
2018/2019,"Leamington (CA), Ontario",2016S0504557,"Calgary (CMA), Alberta",Persons,8
2019/2020,"Leamington (CA), Ontario",2016S0504557,"Calgary (CMA), Alberta",Persons,10
2016/2017,"Windsor (CMA), Ontario",2016S0503559,"Calgary (CMA), Alberta",Persons,150
2017/2018,"Windsor (CMA), Ontario",2016S0503559,"Calgary (CMA), Alberta",Persons,178
2018/2019,"Windsor (CMA), Ontario",2016S0503559,"Calgary (CMA), Alberta",Persons,143
2019/2020,"Windsor (CMA), Ontario",2016S0503559,"Calgary (CMA), Alberta",Persons,169
2016/2017,"Sarnia (CA), Ontario",2016S0504562,"Calgary (CMA), Alberta",Persons,41
2017/2018,"Sarnia (CA), Ontario",2016S0504562,"Calgary (CMA), Alberta",Persons,70
2018/2019,"Sarnia (CA), Ontario",2016S0504562,"Calgary (CMA), Alberta",Persons,54
2019/2020,"Sarnia (CA), Ontario",2016S0504562,"Calgary (CMA), Alberta",Persons,48
2016/2017,"Wasaga Beach (CA), Ontario",2016S0504565,"Calgary (CMA), Alberta",Persons,5
2017/2018,"Wasaga Beach (CA), Ontario",2016S0504565,"Calgary (CMA), Alberta",Persons,4
2018/2019,"Wasaga Beach (CA), Ontario",2016S0504565,"Calgary (CMA), Alberta",Persons,10
2019/2020,"Wasaga Beach (CA), Ontario",2016S0504565,"Calgary (CMA), Alberta",Persons,9
2016/2017,"Owen Sound (CA), Ontario",2016S0504566,"Calgary (CMA), Alberta",Persons,4
2017/2018,"Owen Sound (CA), Ontario",2016S0504566,"Calgary (CMA), Alberta",Persons,10
2018/2019,"Owen Sound (CA), Ontario",2016S0504566,"Calgary (CMA), Alberta",Persons,5
2019/2020,"Owen Sound (CA), Ontario",2016S0504566,"Calgary (CMA), Alberta",Persons,8
2016/2017,"Collingwood (CA), Ontario",2016S0504567,"Calgary (CMA), Alberta",Persons,16
2017/2018,"Collingwood (CA), Ontario",2016S0504567,"Calgary (CMA), Alberta",Persons,9
2018/2019,"Collingwood (CA), Ontario",2016S0504567,"Calgary (CMA), Alberta",Persons,7
2019/2020,"Collingwood (CA), Ontario",2016S0504567,"Calgary (CMA), Alberta",Persons,3
2016/2017,"Barrie (CMA), Ontario",2016S0503568,"Calgary (CMA), Alberta",Persons,62
2017/2018,"Barrie (CMA), Ontario",2016S0503568,"Calgary (CMA), Alberta",Persons,76
2018/2019,"Barrie (CMA), Ontario",2016S0503568,"Calgary (CMA), Alberta",Persons,70
2019/2020,"Barrie (CMA), Ontario",2016S0503568,"Calgary (CMA), Alberta",Persons,84
2016/2017,"Orillia (CA), Ontario",2016S0504569,"Calgary (CMA), Alberta",Persons,9
2017/2018,"Orillia (CA), Ontario",2016S0504569,"Calgary (CMA), Alberta",Persons,9
2018/2019,"Orillia (CA), Ontario",2016S0504569,"Calgary (CMA), Alberta",Persons,9
2019/2020,"Orillia (CA), Ontario",2016S0504569,"Calgary (CMA), Alberta",Persons,5
2016/2017,"Midland (CA), Ontario",2016S0504571,"Calgary (CMA), Alberta",Persons,1
2017/2018,"Midland (CA), Ontario",2016S0504571,"Calgary (CMA), Alberta",Persons,7
2018/2019,"Midland (CA), Ontario",2016S0504571,"Calgary (CMA), Alberta",Persons,6
2019/2020,"Midland (CA), Ontario",2016S0504571,"Calgary (CMA), Alberta",Persons,5
2016/2017,"North Bay (CA), Ontario",2016S0504575,"Calgary (CMA), Alberta",Persons,18
2017/2018,"North Bay (CA), Ontario",2016S0504575,"Calgary (CMA), Alberta",Persons,30
2018/2019,"North Bay (CA), Ontario",2016S0504575,"Calgary (CMA), Alberta",Persons,8
2019/2020,"North Bay (CA), Ontario",2016S0504575,"Calgary (CMA), Alberta",Persons,17
2016/2017,"Greater Sudbury (CMA), Ontario",2016S0503580,"Calgary (CMA), Alberta",Persons,33
2017/2018,"Greater Sudbury (CMA), Ontario",2016S0503580,"Calgary (CMA), Alberta",Persons,40
2018/2019,"Greater Sudbury (CMA), Ontario",2016S0503580,"Calgary (CMA), Alberta",Persons,44
2019/2020,"Greater Sudbury (CMA), Ontario",2016S0503580,"Calgary (CMA), Alberta",Persons,48
2016/2017,"Elliot Lake (CA), Ontario",2016S0504582,"Calgary (CMA), Alberta",Persons,5
2017/2018,"Elliot Lake (CA), Ontario",2016S0504582,"Calgary (CMA), Alberta",Persons,1
2018/2019,"Elliot Lake (CA), Ontario",2016S0504582,"Calgary (CMA), Alberta",Persons,2
2019/2020,"Elliot Lake (CA), Ontario",2016S0504582,"Calgary (CMA), Alberta",Persons,1
2016/2017,"Timmins (CA), Ontario",2016S0504586,"Calgary (CMA), Alberta",Persons,15
2017/2018,"Timmins (CA), Ontario",2016S0504586,"Calgary (CMA), Alberta",Persons,12
2018/2019,"Timmins (CA), Ontario",2016S0504586,"Calgary (CMA), Alberta",Persons,14
2019/2020,"Timmins (CA), Ontario",2016S0504586,"Calgary (CMA), Alberta",Persons,13
2016/2017,"Sault Ste. Marie (CA), Ontario",2016S0504590,"Calgary (CMA), Alberta",Persons,30
2017/2018,"Sault Ste. Marie (CA), Ontario",2016S0504590,"Calgary (CMA), Alberta",Persons,40
2018/2019,"Sault Ste. Marie (CA), Ontario",2016S0504590,"Calgary (CMA), Alberta",Persons,35
2019/2020,"Sault Ste. Marie (CA), Ontario",2016S0504590,"Calgary (CMA), Alberta",Persons,31
2016/2017,"Thunder Bay (CMA), Ontario",2016S0503595,"Calgary (CMA), Alberta",Persons,70
2017/2018,"Thunder Bay (CMA), Ontario",2016S0503595,"Calgary (CMA), Alberta",Persons,87
2018/2019,"Thunder Bay (CMA), Ontario",2016S0503595,"Calgary (CMA), Alberta",Persons,97
2019/2020,"Thunder Bay (CMA), Ontario",2016S0503595,"Calgary (CMA), Alberta",Persons,96
2016/2017,"Kenora (CA), Ontario",2016S0504598,"Calgary (CMA), Alberta",Persons,7
2017/2018,"Kenora (CA), Ontario",2016S0504598,"Calgary (CMA), Alberta",Persons,10
2018/2019,"Kenora (CA), Ontario",2016S0504598,"Calgary (CMA), Alberta",Persons,6
2019/2020,"Kenora (CA), Ontario",2016S0504598,"Calgary (CMA), Alberta",Persons,11
2016/2017,"Area outside census metropolitan areas and census agglomerations, Ontario",,"Calgary (CMA), Alberta",Persons,346
2017/2018,"Area outside census metropolitan areas and census agglomerations, Ontario",,"Calgary (CMA), Alberta",Persons,309
2018/2019,"Area outside census metropolitan areas and census agglomerations, Ontario",,"Calgary (CMA), Alberta",Persons,287
2019/2020,"Area outside census metropolitan areas and census agglomerations, Ontario",,"Calgary (CMA), Alberta",Persons,356
2016/2017,"Winnipeg (CMA), Manitoba",2016S0503602,"Calgary (CMA), Alberta",Persons,935
2017/2018,"Winnipeg (CMA), Manitoba",2016S0503602,"Calgary (CMA), Alberta",Persons,"1,137"
2018/2019,"Winnipeg (CMA), Manitoba",2016S0503602,"Calgary (CMA), Alberta",Persons,"1,279"
2019/2020,"Winnipeg (CMA), Manitoba",2016S0503602,"Calgary (CMA), Alberta",Persons,"1,526"
2016/2017,"Winkler (CA), Manitoba",2016S0504603,"Calgary (CMA), Alberta",Persons,29
2017/2018,"Winkler (CA), Manitoba",2016S0504603,"Calgary (CMA), Alberta",Persons,14
2018/2019,"Winkler (CA), Manitoba",2016S0504603,"Calgary (CMA), Alberta",Persons,31
2019/2020,"Winkler (CA), Manitoba",2016S0504603,"Calgary (CMA), Alberta",Persons,28
2016/2017,"Steinbach (CA), Manitoba",2016S0504605,"Calgary (CMA), Alberta",Persons,14
2017/2018,"Steinbach (CA), Manitoba",2016S0504605,"Calgary (CMA), Alberta",Persons,28
2018/2019,"Steinbach (CA), Manitoba",2016S0504605,"Calgary (CMA), Alberta",Persons,16
2019/2020,"Steinbach (CA), Manitoba",2016S0504605,"Calgary (CMA), Alberta",Persons,29
2016/2017,"Portage la Prairie (CA), Manitoba",2016S0504607,"Calgary (CMA), Alberta",Persons,6
2017/2018,"Portage la Prairie (CA), Manitoba",2016S0504607,"Calgary (CMA), Alberta",Persons,13
2018/2019,"Portage la Prairie (CA), Manitoba",2016S0504607,"Calgary (CMA), Alberta",Persons,11
2019/2020,"Portage la Prairie (CA), Manitoba",2016S0504607,"Calgary (CMA), Alberta",Persons,8
2016/2017,"Brandon (CA), Manitoba",2016S0504610,"Calgary (CMA), Alberta",Persons,93
2017/2018,"Brandon (CA), Manitoba",2016S0504610,"Calgary (CMA), Alberta",Persons,113
2018/2019,"Brandon (CA), Manitoba",2016S0504610,"Calgary (CMA), Alberta",Persons,150
2019/2020,"Brandon (CA), Manitoba",2016S0504610,"Calgary (CMA), Alberta",Persons,171
2016/2017,"Thompson (CA), Manitoba",2016S0504640,"Calgary (CMA), Alberta",Persons,16
2017/2018,"Thompson (CA), Manitoba",2016S0504640,"Calgary (CMA), Alberta",Persons,35
2018/2019,"Thompson (CA), Manitoba",2016S0504640,"Calgary (CMA), Alberta",Persons,32
2019/2020,"Thompson (CA), Manitoba",2016S0504640,"Calgary (CMA), Alberta",Persons,23
2016/2017,"Area outside census metropolitan areas and census agglomerations, Manitoba",,"Calgary (CMA), Alberta",Persons,181
2017/2018,"Area outside census metropolitan areas and census agglomerations, Manitoba",,"Calgary (CMA), Alberta",Persons,265
2018/2019,"Area outside census metropolitan areas and census agglomerations, Manitoba",,"Calgary (CMA), Alberta",Persons,182
2019/2020,"Area outside census metropolitan areas and census agglomerations, Manitoba",,"Calgary (CMA), Alberta",Persons,254
2016/2017,"Regina (CMA), Saskatchewan",2016S0503705,"Calgary (CMA), Alberta",Persons,564
2017/2018,"Regina (CMA), Saskatchewan",2016S0503705,"Calgary (CMA), Alberta",Persons,836
2018/2019,"Regina (CMA), Saskatchewan",2016S0503705,"Calgary (CMA), Alberta",Persons,917
2019/2020,"Regina (CMA), Saskatchewan",2016S0503705,"Calgary (CMA), Alberta",Persons,979
2016/2017,"Yorkton (CA), Saskatchewan",2016S0504710,"Calgary (CMA), Alberta",Persons,46
2017/2018,"Yorkton (CA), Saskatchewan",2016S0504710,"Calgary (CMA), Alberta",Persons,58
2018/2019,"Yorkton (CA), Saskatchewan",2016S0504710,"Calgary (CMA), Alberta",Persons,40
2019/2020,"Yorkton (CA), Saskatchewan",2016S0504710,"Calgary (CMA), Alberta",Persons,39
2016/2017,"Moose Jaw (CA), Saskatchewan",2016S0504715,"Calgary (CMA), Alberta",Persons,46
2017/2018,"Moose Jaw (CA), Saskatchewan",2016S0504715,"Calgary (CMA), Alberta",Persons,55
2018/2019,"Moose Jaw (CA), Saskatchewan",2016S0504715,"Calgary (CMA), Alberta",Persons,99
2019/2020,"Moose Jaw (CA), Saskatchewan",2016S0504715,"Calgary (CMA), Alberta",Persons,120
2016/2017,"Swift Current (CA), Saskatchewan",2016S0504720,"Calgary (CMA), Alberta",Persons,38
2017/2018,"Swift Current (CA), Saskatchewan",2016S0504720,"Calgary (CMA), Alberta",Persons,51
2018/2019,"Swift Current (CA), Saskatchewan",2016S0504720,"Calgary (CMA), Alberta",Persons,87
2019/2020,"Swift Current (CA), Saskatchewan",2016S0504720,"Calgary (CMA), Alberta",Persons,86
2016/2017,"Saskatoon (CMA), Saskatchewan",2016S0503725,"Calgary (CMA), Alberta",Persons,776
2017/2018,"Saskatoon (CMA), Saskatchewan",2016S0503725,"Calgary (CMA), Alberta",Persons,912
2018/2019,"Saskatoon (CMA), Saskatchewan",2016S0503725,"Calgary (CMA), Alberta",Persons,"1,065"
2019/2020,"Saskatoon (CMA), Saskatchewan",2016S0503725,"Calgary (CMA), Alberta",Persons,"1,279"
2016/2017,"North Battleford (CA), Saskatchewan",2016S0504735,"Calgary (CMA), Alberta",Persons,64
2017/2018,"North Battleford (CA), Saskatchewan",2016S0504735,"Calgary (CMA), Alberta",Persons,52
2018/2019,"North Battleford (CA), Saskatchewan",2016S0504735,"Calgary (CMA), Alberta",Persons,64
2019/2020,"North Battleford (CA), Saskatchewan",2016S0504735,"Calgary (CMA), Alberta",Persons,71
2016/2017,"Prince Albert (CA), Saskatchewan",2016S0504745,"Calgary (CMA), Alberta",Persons,52
2017/2018,"Prince Albert (CA), Saskatchewan",2016S0504745,"Calgary (CMA), Alberta",Persons,90
2018/2019,"Prince Albert (CA), Saskatchewan",2016S0504745,"Calgary (CMA), Alberta",Persons,92
2019/2020,"Prince Albert (CA), Saskatchewan",2016S0504745,"Calgary (CMA), Alberta",Persons,117
2016/2017,"Estevan (CA), Saskatchewan",2016S0504750,"Calgary (CMA), Alberta",Persons,55
2017/2018,"Estevan (CA), Saskatchewan",2016S0504750,"Calgary (CMA), Alberta",Persons,52
2018/2019,"Estevan (CA), Saskatchewan",2016S0504750,"Calgary (CMA), Alberta",Persons,24
2019/2020,"Estevan (CA), Saskatchewan",2016S0504750,"Calgary (CMA), Alberta",Persons,38
2016/2017,"Weyburn (CA), Saskatchewan",2016S0504755,"Calgary (CMA), Alberta",Persons,28
2017/2018,"Weyburn (CA), Saskatchewan",2016S0504755,"Calgary (CMA), Alberta",Persons,23
2018/2019,"Weyburn (CA), Saskatchewan",2016S0504755,"Calgary (CMA), Alberta",Persons,49
2019/2020,"Weyburn (CA), Saskatchewan",2016S0504755,"Calgary (CMA), Alberta",Persons,43
2016/2017,"Area outside census metropolitan areas and census agglomerations, Saskatchewan",,"Calgary (CMA), Alberta",Persons,446
2017/2018,"Area outside census metropolitan areas and census agglomerations, Saskatchewan",,"Calgary (CMA), Alberta",Persons,496
2018/2019,"Area outside census metropolitan areas and census agglomerations, Saskatchewan",,"Calgary (CMA), Alberta",Persons,535
2019/2020,"Area outside census metropolitan areas and census agglomerations, Saskatchewan",,"Calgary (CMA), Alberta",Persons,633
2016/2017,"Lloydminster (CA), Alberta/Saskatchewan",2016S0504840,"Calgary (CMA), Alberta",Persons,160
2017/2018,"Lloydminster (CA), Alberta/Saskatchewan",2016S0504840,"Calgary (CMA), Alberta",Persons,157
2018/2019,"Lloydminster (CA), Alberta/Saskatchewan",2016S0504840,"Calgary (CMA), Alberta",Persons,187
2019/2020,"Lloydminster (CA), Alberta/Saskatchewan",2016S0504840,"Calgary (CMA), Alberta",Persons,193
2016/2017,"Lloydminster (CA), Alberta part, Alberta",2016S050648840,"Calgary (CMA), Alberta",Persons,113
2017/2018,"Lloydminster (CA), Alberta part, Alberta",2016S050648840,"Calgary (CMA), Alberta",Persons,116
2018/2019,"Lloydminster (CA), Alberta part, Alberta",2016S050648840,"Calgary (CMA), Alberta",Persons,137
2019/2020,"Lloydminster (CA), Alberta part, Alberta",2016S050648840,"Calgary (CMA), Alberta",Persons,121
2016/2017,"Lloydminster (CA), Saskatchewan part, Saskatchewan",2016S050647840,"Calgary (CMA), Alberta",Persons,47
2017/2018,"Lloydminster (CA), Saskatchewan part, Saskatchewan",2016S050647840,"Calgary (CMA), Alberta",Persons,41
2018/2019,"Lloydminster (CA), Saskatchewan part, Saskatchewan",2016S050647840,"Calgary (CMA), Alberta",Persons,50
2019/2020,"Lloydminster (CA), Saskatchewan part, Saskatchewan",2016S050647840,"Calgary (CMA), Alberta",Persons,72
2016/2017,"Medicine Hat (CA), Alberta",2016S0504805,"Calgary (CMA), Alberta",Persons,522
2017/2018,"Medicine Hat (CA), Alberta",2016S0504805,"Calgary (CMA), Alberta",Persons,491
2018/2019,"Medicine Hat (CA), Alberta",2016S0504805,"Calgary (CMA), Alberta",Persons,520
2019/2020,"Medicine Hat (CA), Alberta",2016S0504805,"Calgary (CMA), Alberta",Persons,540
2016/2017,"Brooks (CA), Alberta",2016S0504806,"Calgary (CMA), Alberta",Persons,354
2017/2018,"Brooks (CA), Alberta",2016S0504806,"Calgary (CMA), Alberta",Persons,426
2018/2019,"Brooks (CA), Alberta",2016S0504806,"Calgary (CMA), Alberta",Persons,407
2019/2020,"Brooks (CA), Alberta",2016S0504806,"Calgary (CMA), Alberta",Persons,420
2016/2017,"Lethbridge (CMA), Alberta",2016S0503810,"Calgary (CMA), Alberta",Persons,797
2017/2018,"Lethbridge (CMA), Alberta",2016S0503810,"Calgary (CMA), Alberta",Persons,783
2018/2019,"Lethbridge (CMA), Alberta",2016S0503810,"Calgary (CMA), Alberta",Persons,877
2019/2020,"Lethbridge (CMA), Alberta",2016S0503810,"Calgary (CMA), Alberta",Persons,900
2016/2017,"Okotoks (CA), Alberta",2016S0504820,"Calgary (CMA), Alberta",Persons,937
2017/2018,"Okotoks (CA), Alberta",2016S0504820,"Calgary (CMA), Alberta",Persons,873
2018/2019,"Okotoks (CA), Alberta",2016S0504820,"Calgary (CMA), Alberta",Persons,751
2019/2020,"Okotoks (CA), Alberta",2016S0504820,"Calgary (CMA), Alberta",Persons,830
2016/2017,"High River (CA), Alberta",2016S0504821,"Calgary (CMA), Alberta",Persons,391
2017/2018,"High River (CA), Alberta",2016S0504821,"Calgary (CMA), Alberta",Persons,411
2018/2019,"High River (CA), Alberta",2016S0504821,"Calgary (CMA), Alberta",Persons,420
2019/2020,"High River (CA), Alberta",2016S0504821,"Calgary (CMA), Alberta",Persons,413
2016/2017,"Strathmore (CA), Alberta",2016S0504826,"Calgary (CMA), Alberta",Persons,439
2017/2018,"Strathmore (CA), Alberta",2016S0504826,"Calgary (CMA), Alberta",Persons,449
2018/2019,"Strathmore (CA), Alberta",2016S0504826,"Calgary (CMA), Alberta",Persons,388
2019/2020,"Strathmore (CA), Alberta",2016S0504826,"Calgary (CMA), Alberta",Persons,416
2016/2017,"Canmore (CA), Alberta",2016S0504828,"Calgary (CMA), Alberta",Persons,451
2017/2018,"Canmore (CA), Alberta",2016S0504828,"Calgary (CMA), Alberta",Persons,452
2018/2019,"Canmore (CA), Alberta",2016S0504828,"Calgary (CMA), Alberta",Persons,370
2019/2020,"Canmore (CA), Alberta",2016S0504828,"Calgary (CMA), Alberta",Persons,431
2016/2017,"Red Deer (CA), Alberta",2016S0504830,"Calgary (CMA), Alberta",Persons,819
2017/2018,"Red Deer (CA), Alberta",2016S0504830,"Calgary (CMA), Alberta",Persons,883
2018/2019,"Red Deer (CA), Alberta",2016S0504830,"Calgary (CMA), Alberta",Persons,891
2019/2020,"Red Deer (CA), Alberta",2016S0504830,"Calgary (CMA), Alberta",Persons,950
2016/2017,"Sylvan Lake (CA), Alberta",2016S0504831,"Calgary (CMA), Alberta",Persons,129
2017/2018,"Sylvan Lake (CA), Alberta",2016S0504831,"Calgary (CMA), Alberta",Persons,144
2018/2019,"Sylvan Lake (CA), Alberta",2016S0504831,"Calgary (CMA), Alberta",Persons,141
2019/2020,"Sylvan Lake (CA), Alberta",2016S0504831,"Calgary (CMA), Alberta",Persons,186
2016/2017,"Lacombe (CA), Alberta",2016S0504832,"Calgary (CMA), Alberta",Persons,74
2017/2018,"Lacombe (CA), Alberta",2016S0504832,"Calgary (CMA), Alberta",Persons,52
2018/2019,"Lacombe (CA), Alberta",2016S0504832,"Calgary (CMA), Alberta",Persons,65
2019/2020,"Lacombe (CA), Alberta",2016S0504832,"Calgary (CMA), Alberta",Persons,86
2016/2017,"Camrose (CA), Alberta",2016S0504833,"Calgary (CMA), Alberta",Persons,59
2017/2018,"Camrose (CA), Alberta",2016S0504833,"Calgary (CMA), Alberta",Persons,68
2018/2019,"Camrose (CA), Alberta",2016S0504833,"Calgary (CMA), Alberta",Persons,61
2019/2020,"Camrose (CA), Alberta",2016S0504833,"Calgary (CMA), Alberta",Persons,62
2016/2017,"Edmonton (CMA), Alberta",2016S0503835,"Calgary (CMA), Alberta",Persons,"4,288"
2017/2018,"Edmonton (CMA), Alberta",2016S0503835,"Calgary (CMA), Alberta",Persons,"4,171"
2018/2019,"Edmonton (CMA), Alberta",2016S0503835,"Calgary (CMA), Alberta",Persons,"3,970"
2019/2020,"Edmonton (CMA), Alberta",2016S0503835,"Calgary (CMA), Alberta",Persons,"4,357"
2016/2017,"Cold Lake (CA), Alberta",2016S0504845,"Calgary (CMA), Alberta",Persons,159
2017/2018,"Cold Lake (CA), Alberta",2016S0504845,"Calgary (CMA), Alberta",Persons,131
2018/2019,"Cold Lake (CA), Alberta",2016S0504845,"Calgary (CMA), Alberta",Persons,117
2019/2020,"Cold Lake (CA), Alberta",2016S0504845,"Calgary (CMA), Alberta",Persons,95
2016/2017,"Grande Prairie (CA), Alberta",2016S0504850,"Calgary (CMA), Alberta",Persons,421
2017/2018,"Grande Prairie (CA), Alberta",2016S0504850,"Calgary (CMA), Alberta",Persons,405
2018/2019,"Grande Prairie (CA), Alberta",2016S0504850,"Calgary (CMA), Alberta",Persons,473
2019/2020,"Grande Prairie (CA), Alberta",2016S0504850,"Calgary (CMA), Alberta",Persons,450
2016/2017,"Wood Buffalo (CA), Alberta",2016S0504860,"Calgary (CMA), Alberta",Persons,"1,197"
2017/2018,"Wood Buffalo (CA), Alberta",2016S0504860,"Calgary (CMA), Alberta",Persons,813
2018/2019,"Wood Buffalo (CA), Alberta",2016S0504860,"Calgary (CMA), Alberta",Persons,716
2019/2020,"Wood Buffalo (CA), Alberta",2016S0504860,"Calgary (CMA), Alberta",Persons,714
2016/2017,"Wetaskiwin (CA), Alberta",2016S0504865,"Calgary (CMA), Alberta",Persons,55
2017/2018,"Wetaskiwin (CA), Alberta",2016S0504865,"Calgary (CMA), Alberta",Persons,44
2018/2019,"Wetaskiwin (CA), Alberta",2016S0504865,"Calgary (CMA), Alberta",Persons,31
2019/2020,"Wetaskiwin (CA), Alberta",2016S0504865,"Calgary (CMA), Alberta",Persons,23
2016/2017,"Area outside census metropolitan areas and census agglomerations, Alberta",,"Calgary (CMA), Alberta",Persons,"4,545"
2017/2018,"Area outside census metropolitan areas and census agglomerations, Alberta",,"Calgary (CMA), Alberta",Persons,"4,306"
2018/2019,"Area outside census metropolitan areas and census agglomerations, Alberta",,"Calgary (CMA), Alberta",Persons,"4,049"
2019/2020,"Area outside census metropolitan areas and census agglomerations, Alberta",,"Calgary (CMA), Alberta",Persons,"4,315"
2016/2017,"Cranbrook (CA), British Columbia",2016S0504905,"Calgary (CMA), Alberta",Persons,120
2017/2018,"Cranbrook (CA), British Columbia",2016S0504905,"Calgary (CMA), Alberta",Persons,116
2018/2019,"Cranbrook (CA), British Columbia",2016S0504905,"Calgary (CMA), Alberta",Persons,103
2019/2020,"Cranbrook (CA), British Columbia",2016S0504905,"Calgary (CMA), Alberta",Persons,113
2016/2017,"Nelson (CA), British Columbia",2016S0504907,"Calgary (CMA), Alberta",Persons,34
2017/2018,"Nelson (CA), British Columbia",2016S0504907,"Calgary (CMA), Alberta",Persons,42
2018/2019,"Nelson (CA), British Columbia",2016S0504907,"Calgary (CMA), Alberta",Persons,28
2019/2020,"Nelson (CA), British Columbia",2016S0504907,"Calgary (CMA), Alberta",Persons,39
2016/2017,"Penticton (CA), British Columbia",2016S0504913,"Calgary (CMA), Alberta",Persons,83
2017/2018,"Penticton (CA), British Columbia",2016S0504913,"Calgary (CMA), Alberta",Persons,107
2018/2019,"Penticton (CA), British Columbia",2016S0504913,"Calgary (CMA), Alberta",Persons,102
2019/2020,"Penticton (CA), British Columbia",2016S0504913,"Calgary (CMA), Alberta",Persons,100
2016/2017,"Kelowna (CMA), British Columbia",2016S0503915,"Calgary (CMA), Alberta",Persons,586
2017/2018,"Kelowna (CMA), British Columbia",2016S0503915,"Calgary (CMA), Alberta",Persons,619
2018/2019,"Kelowna (CMA), British Columbia",2016S0503915,"Calgary (CMA), Alberta",Persons,625
2019/2020,"Kelowna (CMA), British Columbia",2016S0503915,"Calgary (CMA), Alberta",Persons,629
2016/2017,"Vernon (CA), British Columbia",2016S0504918,"Calgary (CMA), Alberta",Persons,149
2017/2018,"Vernon (CA), British Columbia",2016S0504918,"Calgary (CMA), Alberta",Persons,161
2018/2019,"Vernon (CA), British Columbia",2016S0504918,"Calgary (CMA), Alberta",Persons,136
2019/2020,"Vernon (CA), British Columbia",2016S0504918,"Calgary (CMA), Alberta",Persons,137
2016/2017,"Salmon Arm (CA), British Columbia",2016S0504920,"Calgary (CMA), Alberta",Persons,38
2017/2018,"Salmon Arm (CA), British Columbia",2016S0504920,"Calgary (CMA), Alberta",Persons,53
2018/2019,"Salmon Arm (CA), British Columbia",2016S0504920,"Calgary (CMA), Alberta",Persons,43
2019/2020,"Salmon Arm (CA), British Columbia",2016S0504920,"Calgary (CMA), Alberta",Persons,56
2016/2017,"Kamloops (CA), British Columbia",2016S0504925,"Calgary (CMA), Alberta",Persons,189
2017/2018,"Kamloops (CA), British Columbia",2016S0504925,"Calgary (CMA), Alberta",Persons,168
2018/2019,"Kamloops (CA), British Columbia",2016S0504925,"Calgary (CMA), Alberta",Persons,193
2019/2020,"Kamloops (CA), British Columbia",2016S0504925,"Calgary (CMA), Alberta",Persons,180
2016/2017,"Chilliwack (CA), British Columbia",2016S0504930,"Calgary (CMA), Alberta",Persons,96
2017/2018,"Chilliwack (CA), British Columbia",2016S0504930,"Calgary (CMA), Alberta",Persons,134
2018/2019,"Chilliwack (CA), British Columbia",2016S0504930,"Calgary (CMA), Alberta",Persons,97
2019/2020,"Chilliwack (CA), British Columbia",2016S0504930,"Calgary (CMA), Alberta",Persons,138
2016/2017,"Abbotsford - Mission (CMA), British Columbia",2016S0503932,"Calgary (CMA), Alberta",Persons,203
2017/2018,"Abbotsford - Mission (CMA), British Columbia",2016S0503932,"Calgary (CMA), Alberta",Persons,246
2018/2019,"Abbotsford - Mission (CMA), British Columbia",2016S0503932,"Calgary (CMA), Alberta",Persons,250
2019/2020,"Abbotsford - Mission (CMA), British Columbia",2016S0503932,"Calgary (CMA), Alberta",Persons,325
2016/2017,"Vancouver (CMA), British Columbia",2016S0503933,"Calgary (CMA), Alberta",Persons,"2,295"
2017/2018,"Vancouver (CMA), British Columbia",2016S0503933,"Calgary (CMA), Alberta",Persons,"2,722"
2018/2019,"Vancouver (CMA), British Columbia",2016S0503933,"Calgary (CMA), Alberta",Persons,"2,775"
2019/2020,"Vancouver (CMA), British Columbia",2016S0503933,"Calgary (CMA), Alberta",Persons,"3,101"
2016/2017,"Squamish (CA), British Columbia",2016S0504934,"Calgary (CMA), Alberta",Persons,27
2017/2018,"Squamish (CA), British Columbia",2016S0504934,"Calgary (CMA), Alberta",Persons,45
2018/2019,"Squamish (CA), British Columbia",2016S0504934,"Calgary (CMA), Alberta",Persons,52
2019/2020,"Squamish (CA), British Columbia",2016S0504934,"Calgary (CMA), Alberta",Persons,39
2016/2017,"Victoria (CMA), British Columbia",2016S0503935,"Calgary (CMA), Alberta",Persons,524
2017/2018,"Victoria (CMA), British Columbia",2016S0503935,"Calgary (CMA), Alberta",Persons,488
2018/2019,"Victoria (CMA), British Columbia",2016S0503935,"Calgary (CMA), Alberta",Persons,441
2019/2020,"Victoria (CMA), British Columbia",2016S0503935,"Calgary (CMA), Alberta",Persons,516
2016/2017,"Duncan (CA), British Columbia",2016S0504937,"Calgary (CMA), Alberta",Persons,23
2017/2018,"Duncan (CA), British Columbia",2016S0504937,"Calgary (CMA), Alberta",Persons,43
2018/2019,"Duncan (CA), British Columbia",2016S0504937,"Calgary (CMA), Alberta",Persons,29
2019/2020,"Duncan (CA), British Columbia",2016S0504937,"Calgary (CMA), Alberta",Persons,51
2016/2017,"Nanaimo (CA), British Columbia",2016S0504938,"Calgary (CMA), Alberta",Persons,190
2017/2018,"Nanaimo (CA), British Columbia",2016S0504938,"Calgary (CMA), Alberta",Persons,180
2018/2019,"Nanaimo (CA), British Columbia",2016S0504938,"Calgary (CMA), Alberta",Persons,172
2019/2020,"Nanaimo (CA), British Columbia",2016S0504938,"Calgary (CMA), Alberta",Persons,151
2016/2017,"Parksville (CA), British Columbia",2016S0504939,"Calgary (CMA), Alberta",Persons,53
2017/2018,"Parksville (CA), British Columbia",2016S0504939,"Calgary (CMA), Alberta",Persons,52
2018/2019,"Parksville (CA), British Columbia",2016S0504939,"Calgary (CMA), Alberta",Persons,52
2019/2020,"Parksville (CA), British Columbia",2016S0504939,"Calgary (CMA), Alberta",Persons,71
2016/2017,"Port Alberni (CA), British Columbia",2016S0504940,"Calgary (CMA), Alberta",Persons,13
2017/2018,"Port Alberni (CA), British Columbia",2016S0504940,"Calgary (CMA), Alberta",Persons,9
2018/2019,"Port Alberni (CA), British Columbia",2016S0504940,"Calgary (CMA), Alberta",Persons,15
2019/2020,"Port Alberni (CA), British Columbia",2016S0504940,"Calgary (CMA), Alberta",Persons,11
2016/2017,"Courtenay (CA), British Columbia",2016S0504943,"Calgary (CMA), Alberta",Persons,76
2017/2018,"Courtenay (CA), British Columbia",2016S0504943,"Calgary (CMA), Alberta",Persons,68
2018/2019,"Courtenay (CA), British Columbia",2016S0504943,"Calgary (CMA), Alberta",Persons,48
2019/2020,"Courtenay (CA), British Columbia",2016S0504943,"Calgary (CMA), Alberta",Persons,60
2016/2017,"Campbell River (CA), British Columbia",2016S0504944,"Calgary (CMA), Alberta",Persons,42
2017/2018,"Campbell River (CA), British Columbia",2016S0504944,"Calgary (CMA), Alberta",Persons,49
2018/2019,"Campbell River (CA), British Columbia",2016S0504944,"Calgary (CMA), Alberta",Persons,46
2019/2020,"Campbell River (CA), British Columbia",2016S0504944,"Calgary (CMA), Alberta",Persons,37
2016/2017,"Powell River (CA), British Columbia",2016S0504945,"Calgary (CMA), Alberta",Persons,5
2017/2018,"Powell River (CA), British Columbia",2016S0504945,"Calgary (CMA), Alberta",Persons,12
2018/2019,"Powell River (CA), British Columbia",2016S0504945,"Calgary (CMA), Alberta",Persons,7
2019/2020,"Powell River (CA), British Columbia",2016S0504945,"Calgary (CMA), Alberta",Persons,9
2016/2017,"Williams Lake (CA), British Columbia",2016S0504950,"Calgary (CMA), Alberta",Persons,16
2017/2018,"Williams Lake (CA), British Columbia",2016S0504950,"Calgary (CMA), Alberta",Persons,13
2018/2019,"Williams Lake (CA), British Columbia",2016S0504950,"Calgary (CMA), Alberta",Persons,21
2019/2020,"Williams Lake (CA), British Columbia",2016S0504950,"Calgary (CMA), Alberta",Persons,14
2016/2017,"Quesnel (CA), British Columbia",2016S0504952,"Calgary (CMA), Alberta",Persons,14
2017/2018,"Quesnel (CA), British Columbia",2016S0504952,"Calgary (CMA), Alberta",Persons,13
2018/2019,"Quesnel (CA), British Columbia",2016S0504952,"Calgary (CMA), Alberta",Persons,22
2019/2020,"Quesnel (CA), British Columbia",2016S0504952,"Calgary (CMA), Alberta",Persons,19
2016/2017,"Prince Rupert (CA), British Columbia",2016S0504955,"Calgary (CMA), Alberta",Persons,1
2017/2018,"Prince Rupert (CA), British Columbia",2016S0504955,"Calgary (CMA), Alberta",Persons,7
2018/2019,"Prince Rupert (CA), British Columbia",2016S0504955,"Calgary (CMA), Alberta",Persons,6
2019/2020,"Prince Rupert (CA), British Columbia",2016S0504955,"Calgary (CMA), Alberta",Persons,9
2016/2017,"Terrace (CA), British Columbia",2016S0504965,"Calgary (CMA), Alberta",Persons,9
2017/2018,"Terrace (CA), British Columbia",2016S0504965,"Calgary (CMA), Alberta",Persons,10
2018/2019,"Terrace (CA), British Columbia",2016S0504965,"Calgary (CMA), Alberta",Persons,12
2019/2020,"Terrace (CA), British Columbia",2016S0504965,"Calgary (CMA), Alberta",Persons,22
2016/2017,"Prince George (CA), British Columbia",2016S0504970,"Calgary (CMA), Alberta",Persons,71
2017/2018,"Prince George (CA), British Columbia",2016S0504970,"Calgary (CMA), Alberta",Persons,95
2018/2019,"Prince George (CA), British Columbia",2016S0504970,"Calgary (CMA), Alberta",Persons,94
2019/2020,"Prince George (CA), British Columbia",2016S0504970,"Calgary (CMA), Alberta",Persons,103
2016/2017,"Dawson Creek (CA), British Columbia",2016S0504975,"Calgary (CMA), Alberta",Persons,32
2017/2018,"Dawson Creek (CA), British Columbia",2016S0504975,"Calgary (CMA), Alberta",Persons,25
2018/2019,"Dawson Creek (CA), British Columbia",2016S0504975,"Calgary (CMA), Alberta",Persons,37
2019/2020,"Dawson Creek (CA), British Columbia",2016S0504975,"Calgary (CMA), Alberta",Persons,25
2016/2017,"Fort St. John (CA), British Columbia",2016S0504977,"Calgary (CMA), Alberta",Persons,79
2017/2018,"Fort St. John (CA), British Columbia",2016S0504977,"Calgary (CMA), Alberta",Persons,109
2018/2019,"Fort St. John (CA), British Columbia",2016S0504977,"Calgary (CMA), Alberta",Persons,93
2019/2020,"Fort St. John (CA), British Columbia",2016S0504977,"Calgary (CMA), Alberta",Persons,88
2016/2017,"Area outside census metropolitan areas and census agglomerations, British Columbia",,"Calgary (CMA), Alberta",Persons,986
2017/2018,"Area outside census metropolitan areas and census agglomerations, British Columbia",,"Calgary (CMA), Alberta",Persons,914
2018/2019,"Area outside census metropolitan areas and census agglomerations, British Columbia",,"Calgary (CMA), Alberta",Persons,971
2019/2020,"Area outside census metropolitan areas and census agglomerations, British Columbia",,"Calgary (CMA), Alberta",Persons,939
2016/2017,"Whitehorse (CA), Yukon",2016S0504990,"Calgary (CMA), Alberta",Persons,44
2017/2018,"Whitehorse (CA), Yukon",2016S0504990,"Calgary (CMA), Alberta",Persons,53
2018/2019,"Whitehorse (CA), Yukon",2016S0504990,"Calgary (CMA), Alberta",Persons,57
2019/2020,"Whitehorse (CA), Yukon",2016S0504990,"Calgary (CMA), Alberta",Persons,73
2016/2017,"Area outside census metropolitan areas and census agglomerations, Yukon",,"Calgary (CMA), Alberta",Persons,8
2017/2018,"Area outside census metropolitan areas and census agglomerations, Yukon",,"Calgary (CMA), Alberta",Persons,4
2018/2019,"Area outside census metropolitan areas and census agglomerations, Yukon",,"Calgary (CMA), Alberta",Persons,11
2019/2020,"Area outside census metropolitan areas and census agglomerations, Yukon",,"Calgary (CMA), Alberta",Persons,11
2016/2017,"Yellowknife (CA), Northwest Territoires",2016S0504995,"Calgary (CMA), Alberta",Persons,141
2017/2018,"Yellowknife (CA), Northwest Territoires",2016S0504995,"Calgary (CMA), Alberta",Persons,135
2018/2019,"Yellowknife (CA), Northwest Territoires",2016S0504995,"Calgary (CMA), Alberta",Persons,109
2019/2020,"Yellowknife (CA), Northwest Territoires",2016S0504995,"Calgary (CMA), Alberta",Persons,106
2016/2017,"Area outside census metropolitan areas and census agglomerations, Northwest Territories",,"Calgary (CMA), Alberta",Persons,58
2017/2018,"Area outside census metropolitan areas and census agglomerations, Northwest Territories",,"Calgary (CMA), Alberta",Persons,42
2018/2019,"Area outside census metropolitan areas and census agglomerations, Northwest Territories",,"Calgary (CMA), Alberta",Persons,53
2019/2020,"Area outside census metropolitan areas and census agglomerations, Northwest Territories",,"Calgary (CMA), Alberta",Persons,50
2016/2017,"Area outside census metropolitan areas and census agglomerations, Nunavut",,"Calgary (CMA), Alberta",Persons,14
2017/2018,"Area outside census metropolitan areas and census agglomerations, Nunavut",,"Calgary (CMA), Alberta",Persons,10
2018/2019,"Area outside census metropolitan areas and census agglomerations, Nunavut",,"Calgary (CMA), Alberta",Persons,10
2019/2020,"Area outside census metropolitan areas and census agglomerations, Nunavut",,"Calgary (CMA), Alberta",Persons,21
2020/2021,"St. John's (CMA), Newfoundland and Labrador",2016S0503001,"Calgary (CMA), Alberta",Persons,218
2020/2021,"Bay Roberts (CA), Newfoundland and Labrador",2016S0504005,"Calgary (CMA), Alberta",Persons,3
2020/2021,"Grand Falls-Windsor (CA), Newfoundland and Labrador",2016S0504010,"Calgary (CMA), Alberta",Persons,5
2020/2021,"Gander (CA), Newfoundland and Labrador",2016S0504011,"Calgary (CMA), Alberta",Persons,3
2020/2021,"Corner Brook (CA), Newfoundland and Labrador",2016S0504015,"Calgary (CMA), Alberta",Persons,22
2020/2021,"Area outside census metropolitan areas and census agglomerations, Newfoundland and Labrador",,"Calgary (CMA), Alberta",Persons,76
2020/2021,"Charlottetown (CA), Prince Edward Island",2016S0504105,"Calgary (CMA), Alberta",Persons,81
2020/2021,"Summerside (CA), Prince Edward Island",2016S0504110,"Calgary (CMA), Alberta",Persons,19
2020/2021,"Area outside census metropolitan areas and census agglomerations, Prince Edward Island",,"Calgary (CMA), Alberta",Persons,14
2020/2021,"Halifax (CMA), Nova Scotia",2016S0503205,"Calgary (CMA), Alberta",Persons,324
2020/2021,"Kentville (CA), Nova Scotia",2016S0504210,"Calgary (CMA), Alberta",Persons,15
2020/2021,"Truro (CA), Nova Scotia",2016S0504215,"Calgary (CMA), Alberta",Persons,23
2020/2021,"New Glasgow (CA), Nova Scotia",2016S0504220,"Calgary (CMA), Alberta",Persons,15
2020/2021,"Cape Breton (CA), Nova Scotia",2016S0504225,"Calgary (CMA), Alberta",Persons,44
2020/2021,"Area outside census metropolitan areas and census agglomerations, Nova Scotia",,"Calgary (CMA), Alberta",Persons,100
2020/2021,"Moncton (CMA), New Brunswick",2016S0503305,"Calgary (CMA), Alberta",Persons,63
2020/2021,"Saint John (CMA), New Brunswick",2016S0503310,"Calgary (CMA), Alberta",Persons,48
2020/2021,"Fredericton (CA), New Brunswick",2016S0504320,"Calgary (CMA), Alberta",Persons,72
2020/2021,"Bathurst (CA), New Brunswick",2016S0504328,"Calgary (CMA), Alberta",Persons,0
2020/2021,"Miramichi (CA), New Brunswick",2016S0504329,"Calgary (CMA), Alberta",Persons,5
2020/2021,"Edmundston (CA), New Brunswick",2016S0504335,"Calgary (CMA), Alberta",Persons,9
2020/2021,"Area outside census metropolitan areas and census agglomerations, New Brunswick",,"Calgary (CMA), Alberta",Persons,80
2020/2021,"Campbellton (CA), New Brunswick/Quebec",2016S0504330,"Calgary (CMA), Alberta",Persons,2
2020/2021,"Campbellton (CA), New Brunswick part, New Brunswick",2016S050613330,"Calgary (CMA), Alberta",Persons,2
2020/2021,"Campbellton (CA), Quebec part, Quebec",2016S050624330,"Calgary (CMA), Alberta",Persons,0
2020/2021,"Matane (CA), Quebec",2016S0504403,"Calgary (CMA), Alberta",Persons,1
2020/2021,"Rimouski (CA), Quebec",2016S0504404,"Calgary (CMA), Alberta",Persons,0
2020/2021,"Rivière-du-Loup (CA), Quebec",2016S0504405,"Calgary (CMA), Alberta",Persons,0
2020/2021,"Baie-Comeau (CA), Quebec",2016S0504406,"Calgary (CMA), Alberta",Persons,0
2020/2021,"Saguenay (CMA), Quebec",2016S0503408,"Calgary (CMA), Alberta",Persons,1
2020/2021,"Alma (CA), Quebec",2016S0504410,"Calgary (CMA), Alberta",Persons,0
2020/2021,"Dolbeau-Mistassini (CA), Quebec",2016S0504411,"Calgary (CMA), Alberta",Persons,0
2020/2021,"Sept-Îles (CA), Quebec",2016S0504412,"Calgary (CMA), Alberta",Persons,0
2020/2021,"Québec (CMA), Quebec",2016S0503421,"Calgary (CMA), Alberta",Persons,52
2020/2021,"Sainte-Marie (CA), Quebec",2016S0504423,"Calgary (CMA), Alberta",Persons,0
2020/2021,"Saint-Georges (CA), Quebec",2016S0504428,"Calgary (CMA), Alberta",Persons,0
2020/2021,"Thetford Mines (CA), Quebec",2016S0504430,"Calgary (CMA), Alberta",Persons,2
2020/2021,"Sherbrooke (CMA), Quebec",2016S0503433,"Calgary (CMA), Alberta",Persons,13
2020/2021,"Cowansville (CA), Quebec",2016S0504437,"Calgary (CMA), Alberta",Persons,11
2020/2021,"Victoriaville (CA), Quebec",2016S0504440,"Calgary (CMA), Alberta",Persons,0
2020/2021,"Trois-Rivières (CMA), Quebec",2016S0503442,"Calgary (CMA), Alberta",Persons,9
2020/2021,"Shawinigan (CA), Quebec",2016S0504444,"Calgary (CMA), Alberta",Persons,0
2020/2021,"Drummondville (CA), Quebec",2016S0504447,"Calgary (CMA), Alberta",Persons,0
2020/2021,"Granby (CA), Quebec",2016S0504450,"Calgary (CMA), Alberta",Persons,9
2020/2021,"Saint-Hyacinthe (CA), Quebec",2016S0504452,"Calgary (CMA), Alberta",Persons,3
2020/2021,"Sorel-Tracy (CA), Quebec",2016S0504454,"Calgary (CMA), Alberta",Persons,0
2020/2021,"Joliette (CA), Quebec",2016S0504456,"Calgary (CMA), Alberta",Persons,3
2020/2021,"Montréal (CMA), Quebec",2016S0503462,"Calgary (CMA), Alberta",Persons,624
2020/2021,"Salaberry-de-Valleyfield (CA), Quebec",2016S0504465,"Calgary (CMA), Alberta",Persons,1
2020/2021,"Lachute (CA), Quebec",2016S0504468,"Calgary (CMA), Alberta",Persons,1
2020/2021,"Val-d'Or (CA), Quebec",2016S0504480,"Calgary (CMA), Alberta",Persons,1
2020/2021,"Rouyn-Noranda (CA), Quebec",2016S0504485,"Calgary (CMA), Alberta",Persons,1
2020/2021,"Area outside census metropolitan areas and census agglomerations, Quebec",,"Calgary (CMA), Alberta",Persons,36
2020/2021,"Hawkesbury (CA), Ontario/Quebec",2016S0504502,"Calgary (CMA), Alberta",Persons,2
2020/2021,"Hawkesbury (CA), Ontario part, Ontario",2016S050635502,"Calgary (CMA), Alberta",Persons,2
2020/2021,"Hawkesbury (CA), Quebec part, Quebec",2016S050624502,"Calgary (CMA), Alberta",Persons,0
2020/2021,"Ottawa - Gatineau (CMA), Ontario/Quebec",2016S0503505,"Calgary (CMA), Alberta",Persons,489
2020/2021,"Ottawa - Gatineau (CMA), Ontario part, Ontario",2016S050535505,"Calgary (CMA), Alberta",Persons,465
2020/2021,"Ottawa - Gatineau (CMA), Quebec part, Quebec",2016S050524505,"Calgary (CMA), Alberta",Persons,24
2020/2021,"Cornwall (CA), Ontario",2016S0504501,"Calgary (CMA), Alberta",Persons,13
2020/2021,"Arnprior (CA), Ontario",2016S0504507,"Calgary (CMA), Alberta",Persons,4
2020/2021,"Carleton Place (CA), Ontario",2016S0504509,"Calgary (CMA), Alberta",Persons,4
2020/2021,"Brockville (CA), Ontario",2016S0504512,"Calgary (CMA), Alberta",Persons,9
2020/2021,"Pembroke (CA), Ontario",2016S0504515,"Calgary (CMA), Alberta",Persons,2
2020/2021,"Petawawa (CA), Ontario",2016S0504516,"Calgary (CMA), Alberta",Persons,4
2020/2021,"Kingston (CMA), Ontario",2016S0503521,"Calgary (CMA), Alberta",Persons,78
2020/2021,"Belleville (CMA), Ontario",2016S0503522,"Calgary (CMA), Alberta",Persons,22
2020/2021,"Cobourg (CA), Ontario",2016S0504527,"Calgary (CMA), Alberta",Persons,8
2020/2021,"Port Hope (CA), Ontario",2016S0504528,"Calgary (CMA), Alberta",Persons,4
2020/2021,"Peterborough (CMA), Ontario",2016S0503529,"Calgary (CMA), Alberta",Persons,33
2020/2021,"Kawartha Lakes (CA), Ontario",2016S0504530,"Calgary (CMA), Alberta",Persons,9
2020/2021,"Centre Wellington (CA), Ontario",2016S0504531,"Calgary (CMA), Alberta",Persons,8
2020/2021,"Oshawa (CMA), Ontario",2016S0503532,"Calgary (CMA), Alberta",Persons,115
2020/2021,"Ingersoll (CA), Ontario",2016S0504533,"Calgary (CMA), Alberta",Persons,1
2020/2021,"Toronto (CMA), Ontario",2016S0503535,"Calgary (CMA), Alberta",Persons,"2,815"
2020/2021,"Hamilton (CMA), Ontario",2016S0503537,"Calgary (CMA), Alberta",Persons,279
2020/2021,"St. Catharines - Niagara (CMA), Ontario",2016S0503539,"Calgary (CMA), Alberta",Persons,122
2020/2021,"Kitchener - Cambridge - Waterloo (CMA), Ontario",2016S0503541,"Calgary (CMA), Alberta",Persons,228
2020/2021,"Brantford (CMA), Ontario",2016S0503543,"Calgary (CMA), Alberta",Persons,34
2020/2021,"Woodstock (CA), Ontario",2016S0504544,"Calgary (CMA), Alberta",Persons,10
2020/2021,"Tillsonburg (CA), Ontario",2016S0504546,"Calgary (CMA), Alberta",Persons,9
2020/2021,"Norfolk (CA), Ontario",2016S0504547,"Calgary (CMA), Alberta",Persons,9
2020/2021,"Guelph (CMA), Ontario",2016S0503550,"Calgary (CMA), Alberta",Persons,47
2020/2021,"Stratford (CA), Ontario",2016S0504553,"Calgary (CMA), Alberta",Persons,10
2020/2021,"London (CMA), Ontario",2016S0503555,"Calgary (CMA), Alberta",Persons,258
2020/2021,"Chatham-Kent (CA), Ontario",2016S0504556,"Calgary (CMA), Alberta",Persons,17
2020/2021,"Leamington (CA), Ontario",2016S0504557,"Calgary (CMA), Alberta",Persons,15
2020/2021,"Windsor (CMA), Ontario",2016S0503559,"Calgary (CMA), Alberta",Persons,160
2020/2021,"Sarnia (CA), Ontario",2016S0504562,"Calgary (CMA), Alberta",Persons,61
2020/2021,"Wasaga Beach (CA), Ontario",2016S0504565,"Calgary (CMA), Alberta",Persons,9
2020/2021,"Owen Sound (CA), Ontario",2016S0504566,"Calgary (CMA), Alberta",Persons,9
2020/2021,"Collingwood (CA), Ontario",2016S0504567,"Calgary (CMA), Alberta",Persons,5
2020/2021,"Barrie (CMA), Ontario",2016S0503568,"Calgary (CMA), Alberta",Persons,62
2020/2021,"Orillia (CA), Ontario",2016S0504569,"Calgary (CMA), Alberta",Persons,6
2020/2021,"Midland (CA), Ontario",2016S0504571,"Calgary (CMA), Alberta",Persons,5
2020/2021,"North Bay (CA), Ontario",2016S0504575,"Calgary (CMA), Alberta",Persons,10
2020/2021,"Greater Sudbury (CMA), Ontario",2016S0503580,"Calgary (CMA), Alberta",Persons,35
2020/2021,"Elliot Lake (CA), Ontario",2016S0504582,"Calgary (CMA), Alberta",Persons,0
2020/2021,"Timmins (CA), Ontario",2016S0504586,"Calgary (CMA), Alberta",Persons,8
2020/2021,"Sault Ste. Marie (CA), Ontario",2016S0504590,"Calgary (CMA), Alberta",Persons,21
2020/2021,"Thunder Bay (CMA), Ontario",2016S0503595,"Calgary (CMA), Alberta",Persons,93
2020/2021,"Kenora (CA), Ontario",2016S0504598,"Calgary (CMA), Alberta",Persons,10
2020/2021,"Area outside census metropolitan areas and census agglomerations, Ontario",,"Calgary (CMA), Alberta",Persons,326
2020/2021,"Winnipeg (CMA), Manitoba",2016S0503602,"Calgary (CMA), Alberta",Persons,"1,456"
2020/2021,"Winkler (CA), Manitoba",2016S0504603,"Calgary (CMA), Alberta",Persons,35
2020/2021,"Steinbach (CA), Manitoba",2016S0504605,"Calgary (CMA), Alberta",Persons,17
2020/2021,"Portage la Prairie (CA), Manitoba",2016S0504607,"Calgary (CMA), Alberta",Persons,3
2020/2021,"Brandon (CA), Manitoba",2016S0504610,"Calgary (CMA), Alberta",Persons,130
2020/2021,"Thompson (CA), Manitoba",2016S0504640,"Calgary (CMA), Alberta",Persons,15
2020/2021,"Area outside census metropolitan areas and census agglomerations, Manitoba",,"Calgary (CMA), Alberta",Persons,237
2020/2021,"Regina (CMA), Saskatchewan",2016S0503705,"Calgary (CMA), Alberta",Persons,843
2020/2021,"Yorkton (CA), Saskatchewan",2016S0504710,"Calgary (CMA), Alberta",Persons,34
2020/2021,"Moose Jaw (CA), Saskatchewan",2016S0504715,"Calgary (CMA), Alberta",Persons,75
2020/2021,"Swift Current (CA), Saskatchewan",2016S0504720,"Calgary (CMA), Alberta",Persons,48
2020/2021,"Saskatoon (CMA), Saskatchewan",2016S0503725,"Calgary (CMA), Alberta",Persons,"1,004"
2020/2021,"North Battleford (CA), Saskatchewan",2016S0504735,"Calgary (CMA), Alberta",Persons,47
2020/2021,"Prince Albert (CA), Saskatchewan",2016S0504745,"Calgary (CMA), Alberta",Persons,64
2020/2021,"Estevan (CA), Saskatchewan",2016S0504750,"Calgary (CMA), Alberta",Persons,46
2020/2021,"Weyburn (CA), Saskatchewan",2016S0504755,"Calgary (CMA), Alberta",Persons,25
2020/2021,"Area outside census metropolitan areas and census agglomerations, Saskatchewan",,"Calgary (CMA), Alberta",Persons,433
2020/2021,"Lloydminster (CA), Alberta/Saskatchewan",2016S0504840,"Calgary (CMA), Alberta",Persons,150
2020/2021,"Lloydminster (CA), Alberta part, Alberta",2016S050648840,"Calgary (CMA), Alberta",Persons,104
2020/2021,"Lloydminster (CA), Saskatchewan part, Saskatchewan",2016S050647840,"Calgary (CMA), Alberta",Persons,46
2020/2021,"Medicine Hat (CA), Alberta",2016S0504805,"Calgary (CMA), Alberta",Persons,419
2020/2021,"Brooks (CA), Alberta",2016S0504806,"Calgary (CMA), Alberta",Persons,488
2020/2021,"Lethbridge (CMA), Alberta",2016S0503810,"Calgary (CMA), Alberta",Persons,868
2020/2021,"Okotoks (CA), Alberta",2016S0504820,"Calgary (CMA), Alberta",Persons,777
2020/2021,"High River (CA), Alberta",2016S0504821,"Calgary (CMA), Alberta",Persons,289
2020/2021,"Strathmore (CA), Alberta",2016S0504826,"Calgary (CMA), Alberta",Persons,413
2020/2021,"Canmore (CA), Alberta",2016S0504828,"Calgary (CMA), Alberta",Persons,334
2020/2021,"Red Deer (CA), Alberta",2016S0504830,"Calgary (CMA), Alberta",Persons,855
2020/2021,"Sylvan Lake (CA), Alberta",2016S0504831,"Calgary (CMA), Alberta",Persons,103
2020/2021,"Lacombe (CA), Alberta",2016S0504832,"Calgary (CMA), Alberta",Persons,80
2020/2021,"Camrose (CA), Alberta",2016S0504833,"Calgary (CMA), Alberta",Persons,105
2020/2021,"Edmonton (CMA), Alberta",2016S0503835,"Calgary (CMA), Alberta",Persons,"3,919"
2020/2021,"Cold Lake (CA), Alberta",2016S0504845,"Calgary (CMA), Alberta",Persons,97
2020/2021,"Grande Prairie (CA), Alberta",2016S0504850,"Calgary (CMA), Alberta",Persons,378
2020/2021,"Wood Buffalo (CA), Alberta",2016S0504860,"Calgary (CMA), Alberta",Persons,587
2020/2021,"Wetaskiwin (CA), Alberta",2016S0504865,"Calgary (CMA), Alberta",Persons,43
2020/2021,"Area outside census metropolitan areas and census agglomerations, Alberta",,"Calgary (CMA), Alberta",Persons,"3,434"
2020/2021,"Cranbrook (CA), British Columbia",2016S0504905,"Calgary (CMA), Alberta",Persons,73
2020/2021,"Nelson (CA), British Columbia",2016S0504907,"Calgary (CMA), Alberta",Persons,29
2020/2021,"Penticton (CA), British Columbia",2016S0504913,"Calgary (CMA), Alberta",Persons,64
2020/2021,"Kelowna (CMA), British Columbia",2016S0503915,"Calgary (CMA), Alberta",Persons,457
2020/2021,"Vernon (CA), British Columbia",2016S0504918,"Calgary (CMA), Alberta",Persons,101
2020/2021,"Salmon Arm (CA), British Columbia",2016S0504920,"Calgary (CMA), Alberta",Persons,34
2020/2021,"Kamloops (CA), British Columbia",2016S0504925,"Calgary (CMA), Alberta",Persons,134
2020/2021,"Chilliwack (CA), British Columbia",2016S0504930,"Calgary (CMA), Alberta",Persons,98
2020/2021,"Abbotsford - Mission (CMA), British Columbia",2016S0503932,"Calgary (CMA), Alberta",Persons,224
2020/2021,"Vancouver (CMA), British Columbia",2016S0503933,"Calgary (CMA), Alberta",Persons,"2,392"
2020/2021,"Squamish (CA), British Columbia",2016S0504934,"Calgary (CMA), Alberta",Persons,13
2020/2021,"Victoria (CMA), British Columbia",2016S0503935,"Calgary (CMA), Alberta",Persons,366
2020/2021,"Duncan (CA), British Columbia",2016S0504937,"Calgary (CMA), Alberta",Persons,34
2020/2021,"Nanaimo (CA), British Columbia",2016S0504938,"Calgary (CMA), Alberta",Persons,106
2020/2021,"Parksville (CA), British Columbia",2016S0504939,"Calgary (CMA), Alberta",Persons,45
2020/2021,"Port Alberni (CA), British Columbia",2016S0504940,"Calgary (CMA), Alberta",Persons,10
2020/2021,"Courtenay (CA), British Columbia",2016S0504943,"Calgary (CMA), Alberta",Persons,62
2020/2021,"Campbell River (CA), British Columbia",2016S0504944,"Calgary (CMA), Alberta",Persons,38
2020/2021,"Powell River (CA), British Columbia",2016S0504945,"Calgary (CMA), Alberta",Persons,12
2020/2021,"Williams Lake (CA), British Columbia",2016S0504950,"Calgary (CMA), Alberta",Persons,6
2020/2021,"Quesnel (CA), British Columbia",2016S0504952,"Calgary (CMA), Alberta",Persons,8
2020/2021,"Prince Rupert (CA), British Columbia",2016S0504955,"Calgary (CMA), Alberta",Persons,14
2020/2021,"Terrace (CA), British Columbia",2016S0504965,"Calgary (CMA), Alberta",Persons,18
2020/2021,"Prince George (CA), British Columbia",2016S0504970,"Calgary (CMA), Alberta",Persons,112
2020/2021,"Dawson Creek (CA), British Columbia",2016S0504975,"Calgary (CMA), Alberta",Persons,31
2020/2021,"Fort St. John (CA), British Columbia",2016S0504977,"Calgary (CMA), Alberta",Persons,51
2020/2021,"Area outside census metropolitan areas and census agglomerations, British Columbia",,"Calgary (CMA), Alberta",Persons,813
2020/2021,"Whitehorse (CA), Yukon",2016S0504990,"Calgary (CMA), Alberta",Persons,32
2020/2021,"Area outside census metropolitan areas and census agglomerations, Yukon",,"Calgary (CMA), Alberta",Persons,6
2020/2021,"Yellowknife (CA), Northwest Territoires",2016S0504995,"Calgary (CMA), Alberta",Persons,77
2020/2021,"Area outside census metropolitan areas and census agglomerations, Northwest Territories",,"Calgary (CMA), Alberta",Persons,28
2020/2021,"Area outside census metropolitan areas and census agglomerations, Nunavut",,"Calgary (CMA), Alberta",Persons,17
